"RegionName","1996-04","1996-05","1996-06","1996-07","1996-08","1996-09","1996-10","1996-11","1996-12","1997-01","1997-02","1997-03","1997-04","1997-05","1997-06","1997-07","1997-08","1997-09","1997-10","1997-11","1997-12","1998-01","1998-02","1998-03","1998-04","1998-05","1998-06","1998-07","1998-08","1998-09","1998-10","1998-11","1998-12","1999-01","1999-02","1999-03","1999-04","1999-05","1999-06","1999-07","1999-08","1999-09","1999-10","1999-11","1999-12","2000-01","2000-02","2000-03","2000-04","2000-05","2000-06","2000-07","2000-08","2000-09","2000-10","2000-11","2000-12","2001-01","2001-02","2001-03","2001-04","2001-05","2001-06","2001-07","2001-08","2001-09","2001-10","2001-11","2001-12","2002-01","2002-02","2002-03","2002-04","2002-05","2002-06","2002-07","2002-08","2002-09","2002-10","2002-11","2002-12","2003-01","2003-02","2003-03","2003-04","2003-05","2003-06","2003-07","2003-08","2003-09","2003-10","2003-11","2003-12","2004-01","2004-02","2004-03","2004-04","2004-05","2004-06","2004-07","2004-08","2004-09","2004-10","2004-11","2004-12","2005-01","2005-02","2005-03","2005-04","2005-05","2005-06","2005-07","2005-08","2005-09","2005-10","2005-11","2005-12","2006-01","2006-02","2006-03","2006-04","2006-05","2006-06","2006-07","2006-08","2006-09","2006-10","2006-11","2006-12","2007-01","2007-02","2007-03","2007-04","2007-05","2007-06","2007-07","2007-08","2007-09","2007-10","2007-11","2007-12","2008-01","2008-02","2008-03","2008-04","2008-05","2008-06","2008-07","2008-08","2008-09","2008-10","2008-11","2008-12","2009-01","2009-02","2009-03","2009-04","2009-05","2009-06","2009-07","2009-08","2009-09","2009-10","2009-11","2009-12","2010-01","2010-02","2010-03","2010-04","2010-05","2010-06","2010-07","2010-08","2010-09","2010-10","2010-11","2010-12","2011-01","2011-02","2011-03","2011-04","2011-05","2011-06","2011-07","2011-08","2011-09","2011-10","2011-11","2011-12","2012-01","2012-02","2012-03","2012-04","2012-05","2012-06","2012-07","2012-08","2012-09","2012-10","2012-11","2012-12","2013-01","2013-02","2013-03","2013-04","2013-05","2013-06","2013-07","2013-08","2013-09","2013-10","2013-11","2013-12","2014-01","2014-02","2014-03","2014-04","2014-05","2014-06","2014-07","2014-08","2014-09","2014-10","2014-11"
"California",140300,140000,139100,138300,138000,137800,137700,137700,138000,138700,139500,140300,140900,141600,142000,142300,142800,143800,145000,146400,147700,149000,150700,151200,150000,149200,151600,155300,157800,158700,160100,161200,162400,163800,165300,166600,168000,169800,171500,173200,174800,176400,178400,180800,183300,185800,188600,191600,194800,197800,200300,202400,205100,208200,211000,214000,217100,220300,223400,226400,229200,232000,233900,235100,236600,238600,240700,243000,245400,247600,249400,251600,255000,258700,262000,265800,269900,274100,277900,281700,285100,288400,292000,295700,298900,301400,304200,307800,311900,316200,321000,326400,332400,338600,345200,352400,360800,370200,379400,387300,394200,400200,404800,408200,412100,417300,422800,427700,431500,435300,440300,446000,450700,455300,459600,463600,466100,467300,468000,468600,468500,467700,466100,464300,462500,460500,458200,455900,453100,449700,446500,444100,442400,440400,437100,433400,429900,426100,422000,417700,412400,406400,399900,392800,385400,378400,371500,364700,358100,352100,346800,341400,337300,335000,332800,329800,327000,324500,322800,321600,320900,320500,320400,321000,322100,322800,323100,323100,323100,322800,321700,319700,317500,315200,312800,310700,308400,305700,303300,300500,297200,294000,291400,289400,287700,286500,285500,284500,283500,283100,283400,283900,284600,285900,287700,289800,292400,295200,298300,301500,305000,309000,314200,320600,327700,334800,342500,350200,356800,362700,368200,373200,377100,380000,382200,385300,389100,391800,393100,394500,396200,398000,400300,402100
"New York",,,,,,,,,,,,,,,,,,,,,,,,,,,,,,,,,,,,,,,,,,,,,,,,,,,,,,,,,,,,,,,,,,,,,,,,,,,,,,,,,,,,,,,,,,,,,,,,,,,,,354600,359300,362800,365400,364200,362000,369000,384500,392300,391600,391700,395800,400700,406100,411200,417500,419900,419800,421900,427700,432600,437400,439800,440700,441500,442400,444100,447600,447700,446000,446300,447900,450500,454500,454900,453700,456200,459800,461400,462300,460700,457900,457200,459300,461800,465400,467800,468700,469300,469900,469200,468900,468000,465400,461900,459000,455900,452900,449500,446800,445100,444000,444100,446500,448300,449400,451400,454000,455200,456800,458600,459600,460200,461200,462100,463000,463100,462600,463000,464400,465200,465500,466500,468700,470500,470600,470200,470100,468800,467200,466700,467000,467100,467200,467900,469700,472300,476100,480600,483100,483300,483700,486500,491100,493800,496500,501900,507800,512900,518800,524800,530800,536600,542400,547000,554200,567800,583500,593600,600500,605700,608800,612100,616000
"Florida",72200,72500,72500,72500,72400,72400,72400,72300,72300,72600,73000,73200,73200,73200,73300,73600,73800,74000,74200,74400,74500,74900,75400,75900,76100,76300,76500,76400,76400,76600,76900,77300,77700,77900,78100,78600,79000,79200,79300,79500,79600,79900,80400,81000,81500,82100,82600,82900,83300,83900,84400,85100,85800,86200,86600,87100,87600,88300,89200,89900,90900,91800,92500,93500,94700,95700,96700,97700,98800,100200,101600,102800,103700,104900,106300,107800,109100,110500,112000,113700,115300,116800,118000,119300,120900,122600,124100,125500,126900,128300,129800,131500,133200,134700,136700,139000,141400,143800,146600,149700,153300,156800,160300,163900,167600,171300,175600,180300,185300,190500,196100,201400,206500,211600,216200,220200,223700,226700,229200,231100,232200,232500,232100,231400,230300,229000,227400,225300,223000,221000,219100,216900,214200,211500,208700,205900,203000,200400,197500,194400,191200,187400,183000,178400,174000,169800,165600,161300,157000,152400,148000,143800,140400,137700,135000,131800,128800,126100,123700,121500,119800,118500,117500,116800,116100,115300,114700,114000,113500,113200,112600,111700,110500,109300,108300,107200,105900,104600,103600,102900,102200,101300,100400,99700,99000,98700,98600,98500,98200,98300,98600,99400,100300,101200,102300,103300,104300,105200,106100,106900,107800,108800,110000,111300,112600,113800,115300,117100,119000,120600,122200,124000,125400,126700,127800,129100,130700,132200,133400,134500,135700,136700,137600,138400
"Illinois",106300,106100,106000,106200,106300,106300,106300,106400,106900,107300,107600,107900,108200,108200,108200,108400,108800,109300,109500,109600,109800,110300,111000,111300,111400,111900,112500,113100,113700,114500,115200,115800,116000,116300,116900,117700,118700,119500,120100,120900,121800,122600,123700,124900,126000,127000,128200,129500,130800,132200,133600,134500,134800,135100,136100,137400,139000,140300,141100,141800,143000,144700,146500,148100,149700,151200,152200,153500,155300,156800,157800,158800,159600,160000,160200,160300,160900,162000,163300,164400,165100,165400,166400,168000,169600,171200,173200,174700,175700,176400,176500,176400,176400,176900,177600,178400,179200,179600,179600,180400,181900,183100,184000,184700,185700,187000,188400,189600,190800,192200,193900,195200,195800,196100,196800,197900,198600,199300,200100,200500,200600,201100,201400,201600,201900,202100,202300,203000,203200,203400,203700,203700,203400,202900,202600,202200,202100,202300,202500,202500,202400,202300,201500,200200,199400,198700,197300,195900,195100,194500,193900,192500,191500,190500,189200,188000,187000,185800,185000,184000,182800,182100,181700,181300,180800,180000,178500,176900,175700,174800,173600,172100,170500,168700,166100,163500,161100,158800,158300,158500,157300,154600,152400,151100,149800,147700,145300,143100,141000,139200,137400,136100,135600,135800,135500,134700,134200,133900,133700,133600,133600,133600,133800,134000,134300,135300,137700,140300,141400,142000,144400,147400,149100,150300,151200,151600,151800,151200,149800,149400,150800,152300,152800,152900
"Pennsylvania",54400,54400,54300,54100,54100,54100,54100,54000,54000,54000,54000,54000,53900,53800,53700,53600,53600,53500,53500,53500,53500,53600,54000,54300,54500,54700,54700,54500,54400,54500,54700,54800,55200,55500,55500,55700,55900,56000,55900,56100,56300,56400,56300,56400,56700,56800,57000,57300,57300,57400,57700,57800,57600,57600,57900,58100,58100,58100,58200,58400,58700,58900,59000,59300,59600,60100,60600,61100,61800,62300,62700,63100,63700,64200,64600,65100,65800,66400,66900,67500,68100,68700,69400,70000,70400,70900,71700,72600,73300,73800,74300,74800,75600,76500,77400,78100,78900,80000,81000,82100,83200,84800,86200,87500,88700,90000,91400,92800,94400,96000,97800,99500,101100,102600,104200,105800,107400,108400,109300,110600,111900,113200,114400,115200,115900,116500,117100,117400,117700,117900,118400,118900,119400,119800,120100,120600,121100,121100,120900,120300,119800,119500,119400,119000,118500,118000,117600,117300,117000,116600,116500,116400,116600,117000,117300,117400,117400,117300,117100,117100,117500,118000,118400,119100,119800,119800,119400,119300,119400,119600,119700,119200,118300,117400,116600,115900,115300,115100,114900,114600,113900,113000,112300,111800,111500,111200,111000,110500,109900,109600,109400,109200,108600,108100,107500,107000,106700,106700,106400,106100,106100,106100,106200,106200,106400,106800,107200,107800,107900,108300,108800,109600,110300,111000,111500,112100,112800,113700,114400,114900,115500,116000,116600,117200
"Ohio",83400,83900,84200,84700,85000,85000,85000,85100,85300,85700,85900,86000,85900,85800,85900,86300,86800,87200,87400,87900,88300,88500,88900,89300,89500,89700,89900,89800,89900,90100,90400,90600,90900,91100,91600,92200,92600,93000,93400,93600,93700,94000,94300,94500,94600,95000,95400,95900,96200,96400,96700,97200,97600,98000,98300,98500,98700,99100,99500,99600,99900,100400,100700,100800,100900,101200,101600,101800,102100,102600,102900,103200,103400,103700,103900,104200,104500,104700,105000,105300,105700,106200,106700,107200,107700,108000,108300,108700,109100,109400,109900,110500,110900,111100,111100,111200,111400,111800,112200,112700,113100,113600,114100,114400,114700,115100,115500,115900,116200,116300,116400,116500,116500,116300,116300,116500,116700,116800,117000,117000,116900,116900,117000,117100,117200,117200,116900,116800,116600,116300,116100,116000,116000,115900,115500,115000,114700,114600,114500,114100,113700,113400,112700,112000,111400,111000,110600,110400,110300,110000,109600,108800,108300,108100,108000,107800,107400,107000,106700,106300,105900,105800,105600,105400,105100,104700,104300,103900,103600,103500,103300,102800,102200,101500,100700,100100,99500,98500,97800,97500,97100,96400,95800,95200,94500,93700,93300,92900,92400,92000,91800,91600,91700,91800,91800,91900,92300,92600,92600,92500,92600,92900,93200,93200,93300,93700,94200,94600,94900,95200,95800,96500,96900,97300,97500,97700,97700,97500,97700,98100,98100,98100,98400,98700
"Michigan",118100,118200,118600,119400,119500,119000,118800,119200,119600,120200,121000,121800,122400,123000,123500,124000,124900,125900,126600,127300,128300,129100,129600,130500,131400,132100,132700,133400,134000,134500,135300,136200,136900,137700,138600,139500,140000,140700,141500,142300,143100,144200,145100,145900,146800,148100,149300,150200,151400,152400,152900,153200,153900,154900,155900,156700,157300,157600,157700,158200,159000,159700,160300,161000,161400,161800,162400,162900,163000,163100,163600,164100,164600,165000,165700,166300,166900,167200,167500,168100,169000,169600,169900,170100,170200,170300,170800,171400,172000,172400,172600,172800,172900,173100,173700,174100,174300,174500,174400,174100,174000,174200,174400,174500,174600,174800,174900,175000,175100,175300,175600,175700,175600,175400,175100,174700,174300,173700,173000,172500,172100,171600,170800,169800,168700,168100,167400,166700,165600,164300,163200,162300,161300,160200,158900,157600,156200,154600,152900,151500,149900,148400,146500,144200,142000,140100,138300,136700,135300,133600,131600,129300,127700,126900,126100,124600,123100,121400,119900,118900,118100,117500,117000,116600,116000,115600,115300,115200,115100,115000,114800,114200,113300,112400,111700,111100,110400,109500,109200,109300,109200,108900,108700,108600,108400,108700,109200,109700,110100,110400,110600,110900,111800,113000,114100,115200,116500,117800,119000,120200,121400,122500,123500,124400,125300,126400,128300,130500,132800,134900,136600,138200,139600,140600,141500,142700,144300,145400,146100,146900,147700,148300,148900,149400
"Georgia",90500,90900,90600,90200,90100,90100,90100,90000,90000,90600,91300,91800,92100,92600,93000,93800,94600,95000,95600,96400,97100,97400,98000,98600,99200,99700,100400,101400,102400,103200,104000,105000,106100,107700,109400,110300,111000,112100,113900,115700,117100,118100,119300,120800,122100,123300,124300,125200,126000,127300,128600,129300,129700,130400,131500,132300,132700,133300,134200,134700,135100,135600,136000,136100,136700,137600,138000,138200,138500,139000,139200,139700,140400,140800,141300,141700,142200,143000,143800,144200,144500,144800,145000,145100,145300,145400,145600,145700,145800,146000,146100,146300,146600,146900,147400,148200,148800,148900,148900,149700,150300,150400,150400,150900,151500,152300,152900,153400,153800,154200,154700,155200,155800,156400,157200,157800,158500,159400,160200,160600,161100,161600,162000,161900,161900,161800,162100,162600,162900,162500,162200,162400,162600,162600,162500,162000,161600,161100,160400,159600,158600,157500,156300,155200,154000,152900,152000,151300,150100,148800,146900,144600,142700,141100,139300,137600,136400,135100,134000,133100,132600,132300,132000,131500,130900,130300,129900,129100,128100,127300,126700,125800,124500,123400,122400,121300,120000,118600,117400,116100,114800,112900,110700,108600,106900,105700,104400,103300,102800,102300,101500,101000,100900,101200,101600,101800,101800,101700,102200,102900,103500,104200,105200,106000,106600,107600,109200,111000,112700,114200,115600,117100,118400,119400,120500,122100,123900,125300,126500,127900,129300,130500,131600,132600
"North Carolina",86900,88000,88500,88800,89200,89200,89100,89200,89700,90300,90800,91200,92000,92900,93700,93800,93600,93900,94800,95200,95300,95400,96500,97800,98300,98200,98900,99800,100500,101600,102800,103600,104100,104700,105000,105500,106300,107000,107300,108000,108600,108700,108700,108800,109400,110400,111000,111300,111400,111400,111600,112000,112200,112500,113000,113800,113100,112500,113400,114400,114000,114100,114300,114500,114800,115100,115200,115300,115400,115700,116000,116000,116100,116300,116500,116900,117000,116900,117100,117500,118000,118500,118500,118100,118200,118600,118600,118500,118800,119200,119400,119700,120500,120900,120900,121200,121700,122000,122300,123000,123500,124000,124400,124700,125300,126000,126300,126700,127300,127800,128600,129400,130200,130900,131800,132500,133100,133800,134500,135200,135700,136200,136500,136800,137500,138400,139100,139800,140300,140800,141800,143000,143900,144700,145300,145000,144500,144500,144600,144400,144300,144000,143400,142900,142700,142500,142700,143000,142900,142600,141800,140900,140200,139900,139200,138400,137900,137400,136800,136300,136000,135500,135100,134800,134200,133600,133100,132700,132200,131800,131300,130800,130000,129200,128600,128100,127300,126500,126100,125800,125300,124700,124000,123400,123100,122600,122100,121700,121700,121600,121300,121200,121400,121500,121400,121400,121400,121500,121500,121800,122200,122600,123000,123600,124200,124600,125000,125400,125700,125900,126100,126500,126900,127100,127400,126600,125100,124200,124300,124500,124900,125000,125100,125400
"New Jersey",93800,92600,91300,90200,89700,89300,88800,88100,87900,88300,89000,89200,89200,89400,89800,90200,90800,91200,91400,91800,92300,92800,93400,93900,94400,95000,95500,95900,96400,96900,97900,99000,99500,100200,101100,101800,102000,102600,103500,104500,105400,106300,107000,107700,108500,109400,110100,111300,112600,113700,114700,115900,116700,117400,118800,120600,122100,123100,123900,125000,126500,128000,129300,130300,131800,134000,135700,137100,138800,140700,142500,144400,146300,148700,151400,154100,156500,158500,160400,162600,165100,167600,170300,173300,175800,177800,180000,182200,184400,186700,188900,190900,193000,195500,198000,200100,202600,205600,208900,212500,216500,220100,223600,227100,230600,233700,236700,240000,243500,247000,250300,253700,257000,259500,261800,264500,266800,268100,269100,270200,271200,272200,272800,273100,273100,273100,273200,273000,272000,270800,270100,269800,269700,269200,267700,265500,263600,262100,261100,260000,258800,257500,256100,254600,253300,252100,251000,249900,248600,247400,246300,244400,244000,246400,248900,248800,247800,246600,245800,245200,244900,244500,244200,244000,243800,243200,242200,241700,241300,240600,239800,239200,238200,236800,234900,232900,230800,228600,226600,225000,223100,221500,220500,219800,219000,217700,216200,215000,213400,211800,210600,210200,210000,209800,209800,210100,210100,210200,210300,210100,210000,209700,209700,210000,209600,209200,209700,210200,210400,211400,213600,215800,217200,218000,218300,217800,219100,220500,220000,219400,220400,221000,221600,222300
"Virginia",120000,120600,120600,120100,119600,119400,119300,119100,118800,119100,119700,119700,119100,118700,118300,118000,118100,118200,118300,118500,118900,119600,120300,120500,120400,120200,120000,119700,119800,120000,120000,120300,120800,121500,122200,122500,122300,122300,123100,124000,124600,124800,124900,125500,126400,127300,127800,128500,129200,130100,131200,132400,133300,134300,135400,136600,138000,139800,141600,143400,145300,147000,148600,150400,152000,153600,155600,157600,159000,160500,162500,164600,166700,169100,171700,174300,177100,179900,182600,185000,187700,190100,192500,194700,197000,199300,201400,203800,206700,210000,213300,216800,220400,224400,228700,233400,238600,244400,250500,256500,262500,269100,275600,281900,288100,294300,300700,307400,314200,320700,327200,333800,339600,344300,347900,350700,352700,353800,353700,352800,351800,350400,347900,344800,341500,338200,335200,332800,330800,328800,327100,325500,323500,321400,319100,316300,313200,310200,307000,303600,299700,295800,291900,287500,282400,277400,272800,268600,264700,260900,257400,253800,250600,248300,246600,244900,243200,241400,239800,238500,237700,237300,237500,238000,238200,238300,238300,238400,238600,238800,238900,238900,238600,238100,237300,236800,236400,235600,234900,234600,234300,233900,233800,234300,235000,235400,235700,235900,235900,235800,235800,236300,237200,238600,240000,241000,242000,242900,243700,244600,245700,247200,248900,250600,252600,255000,257700,260500,263200,266300,269100,270700,272300,274300,275900,277300,278700,279300,279200,279300,279400,279500,279900,280400
"Washington",113900,114000,114100,114200,114400,114600,114900,115400,116100,116600,117000,117700,118400,119100,119500,120200,121300,122200,122500,123200,124300,125400,126100,126700,127200,127900,128800,130200,131500,132700,133600,134500,135200,135900,136900,137800,138200,138600,139200,140000,141000,141800,142200,142700,143800,145100,146000,146700,147800,149000,150000,150500,150400,151100,152800,153400,153300,153900,155300,156400,157000,157200,157600,157400,157400,157700,158700,159600,159500,158900,159100,159700,160500,161700,162300,162800,164100,164600,164500,164800,166200,167700,168900,169600,170100,170200,170300,170700,170800,171400,171800,172200,173400,174700,175500,176700,178200,180200,182400,184200,185500,187000,188700,190700,192600,194200,196000,198100,200500,203400,206700,210200,213200,216500,220200,223700,226800,229900,232600,235300,237200,239000,241300,245100,248500,250600,252200,254700,256300,257600,259400,261400,263600,265200,265800,266200,266800,267100,266700,265700,264200,262700,260900,258900,257500,256000,253400,251000,249800,248300,245900,242900,241500,240400,239000,236500,233400,230100,228000,226100,224200,222700,221900,221400,220600,219800,218800,217500,215900,214100,211600,208500,205500,203100,200900,198600,196200,193900,191900,189500,186700,184300,182200,180100,178400,177100,175900,174500,173200,172100,171200,171100,171600,172400,173000,173500,174000,174600,175400,176200,177000,178000,179100,180700,183000,185900,188900,191900,194600,197800,200900,203200,205100,206800,208800,211500,214200,216300,219500,222900,224600,224300,225200,227100
"Massachusetts",105100,105300,105600,105800,106000,106200,106400,106800,107400,108200,109000,109900,110600,111300,111800,112400,113100,114100,115000,115900,117000,118200,119500,120700,121700,122800,123800,124800,125800,126600,127500,128500,129600,130800,132200,133600,135200,136900,138500,140100,141700,143400,145300,147400,149400,151500,153600,155700,157900,160200,162700,165500,168300,170900,173400,175700,177900,180300,182900,185400,187700,190200,192800,195200,197900,200700,202900,205100,207200,209000,211000,213100,215300,217600,220100,222800,225500,228200,231000,233800,236500,239000,241200,243000,244500,246000,247300,248700,250100,251400,253000,254700,256200,257900,259900,262200,264400,266600,268700,270600,272200,273600,275200,277100,278900,280600,282200,284300,286300,287600,288200,288900,289300,289500,289500,289100,288700,288200,287500,286500,285400,284000,282100,280200,278300,276500,275000,273900,272700,271700,271200,270900,270200,269100,267700,266000,264700,263800,262900,261500,260100,258700,256800,254300,251800,249500,247600,246200,244900,243600,242100,240400,238700,237600,236500,235200,234400,234500,235300,236300,237200,237800,238200,238500,238600,238400,237800,237300,237100,237300,237400,237200,236700,235900,235000,234300,233900,233400,232800,232200,231500,230900,230300,229500,228500,227700,226900,226400,226200,226200,226400,227000,228000,228800,229400,229900,230500,231000,231600,232100,233100,234300,235800,237400,239000,240600,242500,244600,246400,248100,249800,251600,253300,254900,256100,257100,258300,259300,260200,261100,262400,264200,266400,268200
"Indiana",81900,83400,83700,83600,84000,84500,84500,85100,85900,86000,86500,87100,86500,86000,87200,89000,90400,91400,92000,93000,94200,94500,94400,94800,95200,95300,95100,95100,95700,96200,96400,96300,96000,95900,96400,97200,97600,98200,99300,100500,100800,100600,100700,101100,101000,100600,100700,101300,101900,102700,103000,102800,102900,103700,104500,104800,107200,111300,113400,113100,113500,113600,113400,113600,114200,114600,115000,115500,115200,114700,114900,115100,114800,114900,115200,114300,113400,113400,113400,112700,111900,111600,111300,111300,111500,111600,111900,112600,113200,113200,113400,113800,113700,113000,112800,113300,113900,114600,115200,116000,116800,117000,117200,117500,118300,119400,120400,121100,121600,121700,121700,121800,122000,122300,122500,122700,122700,122500,122300,122600,122700,122100,121600,121100,120500,120500,121100,121900,122500,122900,123100,123200,123200,123700,124300,124800,125300,125600,125400,124900,125000,125600,125900,125600,125300,125300,125200,124900,124500,124000,123100,122400,121900,121500,121100,120400,119500,118800,118200,117900,117900,117800,117500,117400,116200,114200,113300,113500,113400,113500,113800,113600,113200,112700,112500,112100,112000,112100,111700,110500,109600,109100,108800,108500,108400,108600,108300,107400,106700,106800,106800,106500,106000,105800,106200,106600,106700,106100,107200,109600,111000,110400,110600,111300,112000,112600,113200,113400,113400,113500,113400,113000,113100,113300,112700,114200,116500,116800,115500,115300,115500,115700,115500,115200
"Arizona",78400,78500,78800,78900,79100,79200,79500,79900,80300,80700,81000,81200,81400,81600,81700,81900,82300,82600,82900,83100,83400,83900,84500,84700,84800,85000,85500,86200,86700,86800,87000,87300,87700,88100,88600,89000,89500,89900,89900,90000,90300,90700,91100,91400,91700,92100,92400,92800,93300,93500,93600,93800,94300,94700,95000,95500,96000,96400,97000,97400,97700,98000,98400,98800,99000,99200,99500,100100,100500,100900,101200,101400,101900,102600,103100,103400,103800,104400,104800,105200,105700,106400,107100,107700,108200,108800,109500,110200,110700,111100,111700,112300,112900,113700,114800,115900,116800,117900,119300,120800,123000,125600,128200,130800,133500,136500,139800,143800,148500,153800,159600,165300,170200,174600,178900,183100,186700,189300,191000,192500,193400,193100,192600,192200,191900,191400,190800,190200,189400,188400,187600,186700,185900,185200,184100,183000,182200,181400,180300,178800,176600,174000,171200,167900,164900,162800,161000,158900,156600,154300,151700,148600,145900,144100,142300,139700,137200,134600,132200,129900,127800,125900,124100,122400,121600,120900,119700,118300,117000,115400,113500,111400,108900,106400,104500,103200,102200,101500,101900,103000,103100,102000,100700,99600,99100,99200,99400,100100,101100,102000,103000,104000,105000,106200,107600,109000,110300,111700,113100,114200,114700,115300,116100,117000,118800,121300,124200,126700,129300,130000,129600,129500,129800,128800,127800,127100,126600,126100,125700,125700,125800,126600,127500,128200
"Tennessee",83900,84500,85000,85600,86100,86300,86500,86800,87100,87500,88200,88600,88900,89400,89800,90100,90300,90800,91300,91600,91900,92600,93300,94000,94200,94500,95000,95600,96100,96900,97400,97700,98300,98800,98900,98800,98900,99400,99800,99900,100100,100500,101000,101100,101200,101600,102300,102700,103000,102900,103000,103200,103300,103400,103600,104000,104200,104400,104800,105300,105600,105700,106000,106300,106600,106900,107300,107700,108200,108500,108700,109000,109500,109900,110100,110300,110500,110500,110600,111100,111500,111800,112000,112200,112600,113100,113600,114000,114500,115000,115400,115800,116100,116500,117200,117600,117900,118300,118900,119300,119800,120400,121100,121700,122500,123100,123600,124100,124600,125100,125900,126700,127300,127800,128400,129000,129700,130500,131200,132000,133000,133800,134400,135100,136000,136700,137300,137800,138200,138600,139100,139600,139900,140200,140500,140600,140800,140600,140400,140300,140100,139800,139400,139000,138800,138600,138400,138100,138000,137900,137700,137100,136900,136800,136700,136200,135600,135100,134700,134400,134000,133700,133400,133000,132600,132400,132300,132000,131600,131500,131200,130600,130000,129500,129100,128600,128000,127400,126900,126600,126300,126100,125700,125400,125200,125000,124700,124700,124600,124400,124300,124400,124200,123800,123700,123900,124000,124000,124100,124300,124400,124700,125100,125400,125600,125900,126300,127000,127400,128000,128600,129400,129900,130300,130300,130700,131500,132200,132600,132900,133400,134000,134700,135200
"Missouri",74000,74000,74100,74400,74800,74700,74500,74500,75000,75300,75600,76000,76500,77000,77600,78200,78500,78800,79300,79600,80000,80300,80600,80900,81200,81400,81500,81500,81700,82000,82200,82700,83300,84200,85200,86100,86500,87100,87800,88600,89300,89700,90000,90400,91000,91400,92100,92900,93600,94000,94600,95400,96300,97300,98400,99400,100100,100900,101400,101600,102100,103000,103900,104500,104800,105400,106400,107400,108000,108600,109800,111300,113000,114200,114600,115000,115900,116900,117700,117800,117600,118000,118900,119700,120500,121400,122400,123600,124800,125700,126500,128000,129500,130100,129900,129300,128800,128800,129300,130000,130700,131300,131700,132200,133100,134000,134800,135700,136400,136800,137100,137400,137700,138200,138700,139100,139700,140300,140400,140300,140700,141400,141800,142100,142500,142500,142200,141900,142200,143000,143800,144400,144700,144200,143000,141600,140400,139500,138600,137700,137300,137200,137000,136500,136200,135900,135800,135900,136200,136700,137200,137700,138800,140000,140600,140500,140300,140200,140400,140500,140300,139800,139000,138800,136400,132400,130400,130500,130000,130300,130700,130000,129200,128300,128000,127000,125100,123500,122700,121500,119000,116600,115400,114500,113600,113000,112500,112000,111700,111300,110800,109600,108400,108200,108800,109100,108800,108600,108700,108900,108700,108700,108500,108300,108800,109500,110100,110300,110600,110500,110700,110900,111100,111700,112100,114300,117300,118000,116800,116700,116700,116400,116100,116100
"Maryland",110300,110100,109600,109000,108500,108200,107900,107900,107800,107700,107800,108000,107700,107300,107200,107100,107000,106900,106900,107100,107400,107700,108300,108800,109100,109200,109100,108900,109100,109300,109500,109700,109900,110100,110500,110800,111200,111500,111600,112000,112300,112600,112900,113400,113900,114400,115000,115400,115700,116100,116700,117100,117300,117600,118100,119000,119900,120900,121700,122600,123500,124600,126100,127500,128800,129900,131000,132000,133000,134200,135600,137000,138500,140000,141700,143600,145300,147500,149900,152100,154400,156700,159000,161300,163600,165900,168100,170500,173300,175900,178200,180300,182900,185900,189000,192400,195700,199100,202500,206400,210800,215200,219400,223600,228000,232400,236800,241100,245900,250600,255400,260100,264500,268200,271800,275300,277900,279800,281600,283400,284700,286000,287000,287400,287300,287100,286600,286400,286100,285400,284500,284200,284100,283900,283200,281900,280100,278200,276500,274900,272800,270000,267000,263700,260400,256900,253600,250500,247600,244900,242400,239400,236800,234900,233000,230100,227900,226400,224400,222100,220500,219600,218600,218100,217800,217500,216900,216000,214900,214200,213200,211900,210600,209100,207400,205700,203900,202000,201100,200700,199500,197200,195300,193800,192400,191200,190000,188800,187900,187000,186300,185500,184700,184200,184600,185700,186600,187300,188000,188600,188900,189500,190500,191700,193000,194500,195900,197100,198400,200000,201300,202200,202700,203500,204200,204900,206200,207700,208800,209600,209900,210000,210500,211000
"Wisconsin",91400,90900,90600,90400,90200,90300,90600,90600,91200,93000,94400,94800,95300,95900,96500,96700,96800,97200,98100,99100,99300,100200,100400,99400,98500,99500,100100,100400,100600,101300,102000,102400,103900,104900,105100,107200,110600,111600,112300,113100,113700,114500,115600,116400,116200,115900,116700,117700,118600,119600,119400,117700,117800,120200,121700,121900,122300,122900,123600,124400,124900,125900,126700,127100,127800,126200,122800,121400,122500,123200,123900,124700,125300,125100,127500,132100,134600,134600,136600,139000,140000,140600,141600,142100,142200,142800,143400,144200,145500,146800,147300,148200,148900,148800,148000,148000,148100,148300,148300,148400,148700,149600,150500,151200,151700,152600,153200,153700,154100,154900,155400,155700,155900,157000,158400,159100,159400,160000,160800,161400,161800,162000,161800,161200,160700,160600,160900,161200,161200,161200,161300,161600,162300,163000,162700,161700,160500,159700,159100,158600,157700,156600,156100,155700,155200,154900,154800,155000,155400,155400,155200,155000,155300,155700,155600,155100,154900,154600,154000,153400,152900,152500,151600,150500,149300,148600,148300,148400,148600,148300,147600,147100,146700,146000,145100,144300,143800,143100,142500,142300,141800,141000,140400,140000,139400,138900,138600,137900,137200,136800,136200,136000,136000,135800,135300,135100,134700,134200,133800,133700,133700,133500,133100,133400,134200,135300,136200,137000,137500,137600,138000,138800,139600,140300,141700,139800,135400,133100,133400,133200,133500,133900,134500,135000
"Minnesota",93500,93100,92800,92500,92200,92000,91800,91900,92200,92700,93200,93400,93400,93900,93800,93700,94100,94800,95100,95600,96300,97100,97900,98700,99100,99400,99800,100400,100800,101600,102600,103500,104200,105100,106000,106700,107400,108400,109700,110900,112000,113100,114300,115700,116900,118000,119000,120000,121200,122300,123900,125700,127300,128300,129500,130800,132300,133900,135500,137200,139000,140400,141600,142800,144200,145300,146300,147200,148200,149100,150200,151300,152600,153900,155300,156500,157800,159200,160500,161700,162500,163000,163700,164500,165200,166200,167600,168500,169400,170400,171300,171900,172700,173600,174100,174500,175300,176200,177000,178000,178900,179300,179700,180400,181300,182200,183000,183800,184200,184600,185100,185800,186200,186600,186700,186700,186700,186900,187100,187500,187800,187600,186600,185000,183900,183300,183000,182800,182400,182000,181600,181300,181100,180700,179400,177800,176500,175400,174400,173100,171700,170300,168800,166800,164900,163100,161900,161300,160600,159400,158100,156700,155400,154000,152700,151400,150300,149400,148900,148200,147500,147000,146600,146100,145600,145200,144600,143700,142700,142200,141600,140700,139500,138000,136400,134800,133400,131900,130700,129700,128300,126600,124900,123700,122700,121500,120400,119900,119400,119000,119300,120100,120900,121500,122400,123100,123800,124600,125300,125800,126400,127200,127900,128800,130100,131800,133300,134700,136300,138000,139600,141100,142300,143000,143300,143200,142600,141800,141700,142300,143000,143700,144200,144500
"Colorado",105400,105600,105500,105800,106500,107100,107300,107800,108100,107500,106900,107400,108800,109500,109400,110100,111400,112400,113000,113900,114900,115800,116600,117300,117300,117300,117800,118600,119500,120300,120900,121900,122700,123300,123500,124000,124800,125800,126300,126800,128100,129200,129400,129800,131100,132700,135200,136900,137400,138600,140600,141700,142500,143200,143900,145000,145700,147200,148800,150000,150400,150900,153100,156100,156700,155700,156300,157200,157700,157200,156900,157300,157900,158000,157700,158000,159200,161000,162100,162500,164400,167600,169800,169700,169900,170400,170300,169400,167900,167100,168200,169300,168900,168300,167900,167700,168700,171200,173300,173600,174100,175400,175300,173500,173700,174900,176500,177900,178700,178400,178500,178800,179800,179800,179400,179900,180200,180200,179600,179400,179900,180400,179300,178400,177100,177200,178600,180000,180100,180100,180000,180000,179500,178800,178300,178400,178800,178300,177000,176000,175000,173800,172700,172000,171300,170600,170100,169800,169400,168300,166800,165800,164500,161800,159300,158400,158200,157600,157100,157100,157300,157100,156700,156600,156800,157100,157600,158000,158100,157900,157300,156200,154800,154900,156000,156300,155600,155200,154400,153100,151600,150000,148600,147300,146400,145700,145200,144800,144900,145400,146000,147100,148700,150100,150700,152800,156000,157800,157800,158300,159300,160300,161200,162800,164800,166500,168100,169600,170600,171600,172600,173900,175700,177200,179300,177700,173300,171200,173500,174900,175900,176700,177800,178700
"South Carolina",90700,89700,88700,87800,87300,87500,87600,87700,87800,87700,87600,87600,87800,88400,88900,89000,89100,89300,89200,89000,89400,90500,91700,92700,93500,94100,94900,95900,96900,97800,99000,99900,100400,100800,101600,102200,102800,102900,102900,103800,105400,106100,107000,108300,109300,109700,110200,110500,111200,112700,114200,115000,115300,115700,115900,116500,116500,115800,115400,115700,115700,115500,115700,115800,115700,115300,114900,114800,114800,115200,115400,115800,116200,116500,116600,117000,117400,118100,118600,118700,118800,119400,120100,120500,120800,121300,121500,121600,121800,122300,122800,123600,124700,125700,126500,127400,128200,129100,130600,132300,133500,134500,136300,138500,140700,143000,145300,147600,150100,153200,156600,160200,164300,168700,173000,177300,181800,185400,188700,192300,195900,198400,200000,201300,202700,203200,202000,200100,198400,196800,194800,192800,191200,189900,188500,187000,185300,183800,182400,180500,178400,176600,175000,173700,172600,171600,170400,168800,166700,164700,163100,160900,158900,158400,158700,158000,156500,154400,151900,149900,148800,148100,147600,147500,147200,146500,145500,144500,143500,142600,141700,140700,139400,137800,136500,135600,134100,132200,131100,130100,128600,127200,126200,125700,125000,124300,123900,123800,123500,122800,122000,121000,120200,119900,119900,119800,120100,120400,120500,120300,120100,119900,120100,120800,121500,122800,124100,124800,125200,125800,126600,127500,129000,130300,130600,130800,131600,132000,131900,132300,133000,133400,133100,132700
"Kentucky",84100,84000,84500,84800,85400,85900,86000,86300,86600,87000,87100,87100,87200,87600,87800,87800,87800,87900,88300,88500,88700,89000,89600,89900,90500,91000,91700,92300,92700,93000,93600,94000,94100,94100,94200,94500,94600,94700,95000,95500,95800,96000,96200,96700,97300,97900,98400,98900,99100,99000,99100,99300,99500,99300,99000,99100,99500,99800,100100,100400,101000,101300,101300,101300,101500,101600,101800,101900,101900,102100,102400,102600,103000,103700,104100,104300,104700,105300,105700,105900,106100,106300,106400,106500,106700,107000,107400,107700,107900,108000,108600,109300,109700,110200,110600,110900,111100,111300,111500,111800,112000,112500,112900,112900,112900,113100,113200,113400,113600,113800,113800,113900,114300,114700,114900,115100,115300,115400,115400,115400,115600,116000,116300,116500,116500,116400,116500,116900,117500,117600,117600,117800,117700,117400,117300,117300,117300,117300,117500,117600,117300,117000,116700,116800,116900,116800,116600,116300,116100,115800,115500,114800,114600,114900,115100,115000,114900,114800,115000,115300,115400,115500,115500,115400,115200,115100,115200,115100,115100,115100,114800,114500,114100,113300,112800,112400,112000,111700,111500,111200,110900,110700,110600,110200,109700,109000,108300,107900,107700,107600,107300,107100,106900,106800,106500,106100,106100,106500,106800,107000,107100,107000,107100,107400,107600,107900,108400,109300,110200,110900,111400,111900,112400,112700,113200,113400,113100,113000,113300,113600,114000,114400,114900,115400
"Oklahoma",45000,44100,43800,43900,43700,43400,43300,43200,42900,42600,42400,42500,42700,42900,43100,43300,43500,43600,43500,43700,43900,44200,44400,44500,44700,45100,45700,45900,46100,46500,47000,47200,47200,47100,47100,47200,47700,48100,48400,48500,48700,48900,49100,49100,49200,49400,49400,49500,49900,49900,49500,49200,49400,49500,49600,49800,50400,50600,50900,51200,51800,52200,52300,52200,52100,52200,52300,52800,53200,53300,53400,53400,53300,53300,53500,53800,53900,53900,54000,54000,54200,54500,54600,54700,54900,55200,55600,56000,56300,56600,56800,56800,56600,56700,57100,57400,57500,57400,57200,57200,57200,57100,57300,57500,57600,57900,58100,58200,58300,58400,58600,59000,59300,59300,59300,59500,59500,59500,59600,59800,59900,59900,60100,60500,61100,61500,61600,61700,61800,61900,62400,62800,63000,63400,63700,63500,63500,63800,63900,64100,64500,64600,64300,64200,64200,64200,64100,63900,63800,63900,64000,63900,63800,63800,64000,64100,64000,64000,64200,64300,64400,64400,64400,64500,64700,64700,64500,64600,64800,64900,64800,64700,64600,64500,64500,64500,64400,64300,64100,64000,63800,63800,63900,64200,64300,64400,64500,64500,64400,64600,64800,65100,65500,65900,66000,66300,66600,66600,66500,66300,66400,66200,66200,66200,66500,66700,66900,67000,67100,67700,68700,69800,70300,70500,70800,70800,70600,70700,71000,71100,71000,70800,70700,70800
"Connecticut",87000,86700,86400,86400,86200,85800,85500,85400,85300,85300,85200,85400,85600,85600,85500,85200,85000,85000,85100,85300,85700,86400,87000,87500,87900,88000,88100,88000,88100,88500,88900,89200,89700,90300,90800,91400,92100,92700,93500,94100,94500,95000,95700,96400,97100,97900,98800,99800,100800,101600,102300,103400,104600,105600,106500,107700,108900,110000,111300,112300,113300,114400,115700,117100,118600,120100,121600,122900,123900,125000,126100,127200,128400,130000,131900,133500,134900,136400,137900,139300,140900,142500,143900,145000,146300,147400,148300,149400,151000,152500,153700,155100,156600,158200,159900,161700,163900,166100,168300,170500,172500,174300,176000,177700,179400,181000,182800,184600,186400,188000,189600,191000,192300,193900,195400,196800,198200,199300,200200,201100,201700,202100,202600,202800,202600,202400,202500,202700,202600,202600,202700,203000,203200,203000,202400,202000,201900,201900,201700,201400,200400,199100,197800,196600,195500,194400,193500,192800,192000,191000,189700,188100,186900,186000,185000,183800,182900,182100,181300,180400,179800,179500,179200,179300,179300,179100,178700,178400,178000,177500,177000,176400,175500,174200,172700,171200,169800,168700,167900,167000,166000,164800,163600,162400,161500,160700,160000,159400,158600,157900,157600,157200,156700,156200,156000,155900,155700,155300,155100,154900,154700,154500,154500,154300,154200,154200,154400,154400,154400,154500,154500,154200,154100,154200,154100,153900,154000,154400,154600,154300,153900,153800,153700,153700
"Iowa",79100,79200,80000,82000,83300,83300,84100,84200,82200,80000,79700,80800,81800,83000,85100,86300,86400,86900,87700,88000,88100,87400,86200,85100,85100,86400,86900,86400,86600,87000,87100,87400,87800,88500,89500,90100,90500,90600,90500,91200,92500,93100,93100,94600,96900,100100,102700,102600,102100,103700,103900,100900,98000,97400,97800,97900,98000,98100,98200,98900,99700,99600,99600,100600,101900,102500,102900,103300,104000,104400,104600,105100,105400,105100,105300,105900,106300,106800,107200,107600,107700,108000,108600,109500,109800,109300,108800,108700,109000,109600,110000,110200,110600,111200,111800,112700,113800,114200,114100,114400,114900,115300,115900,116500,117000,117500,117900,118200,118900,119500,119800,120000,120600,121100,121200,120700,120900,121700,122400,122400,121300,122000,125500,128500,128900,128200,127100,126500,126300,126100,125800,126200,124900,120900,117500,117400,118200,118300,118600,118700,117600,116200,114900,113100,114300,117600,118700,116900,115800,115900,116300,116000,115400,113800,112100,111800,112700,113200,113400,113800,113700,113000,112500,112900,113200,113100,112300,111400,111100,111300,111100,111000,111300,111700,111700,111600,111200,110700,110700,110800,110700,110400,109800,108800,107700,107200,106800,108600,112600,115600,115700,116000,116700,116900,116200,115700,115200,114900,115200,113600,110200,109500,112800,115400,116300,116600,117400,118100,118800,119200,119500,119500,120200,120900,121400,119200,114700,111000,110200,109700,109300,108800,108000,106900
"Arkansas",,,,,,,,,,,75100,75500,74800,74800,75700,77000,78600,79200,79300,79800,80900,82200,82700,81900,81300,81700,81700,81300,80800,80000,79600,79500,79100,79400,80000,80400,80800,80500,79900,79800,79100,78800,79800,80800,81100,82700,84800,86000,85600,84300,83400,83200,82600,82100,83400,84600,84300,83800,84500,84500,83900,83400,83500,83400,84800,87100,88900,89900,90700,91500,92900,93300,92500,92400,93400,93500,94500,96700,98300,99000,100400,101000,99600,99000,101000,103800,104000,104000,104100,102300,97400,93400,91600,91500,91100,90500,89300,88500,89000,90400,91900,94000,96700,100000,103700,106600,108500,109500,111200,113300,114700,114900,114900,115200,115200,114900,114400,113600,113400,114700,115800,116000,115500,115000,114200,113700,113700,113800,114200,115600,117800,119100,118300,116400,115000,115500,117300,118800,118700,118300,117700,117400,116300,116600,119000,122600,127900,131800,130900,128600,131700,137100,138100,134800,133500,133300,132600,131600,130000,128700,128400,128300,127700,127000,126800,127000,126900,126600,127500,129100,129100,128900,129300,129500,128800,128100,126800,125900,125300,125200,124900,123900,122400,121500,121000,120600,120200,119300,118700,119100,120000,120300,120600,120800,120500,120000,120100,121000,121700,121100,121000,121700,121900,121400,121600,122400,122700,122300,122600,123700,124200,124300,126200,129100,131800,131300,127000,122800,122400,123600,124600,124800,124600,124700
"Utah",110400,110100,109600,109700,110700,111600,112200,112800,113500,114200,114900,115500,116000,116600,117200,117400,117400,117600,118100,118400,118400,118300,118500,118900,119000,119000,119200,119500,119600,119900,120400,121200,121700,121800,122100,122900,123600,124400,125400,126300,126600,127200,128700,130000,130800,131400,131800,131800,132200,132700,133400,133700,134000,134400,134700,135100,135900,136200,136200,136500,137000,137400,137500,138000,139000,139700,139300,138500,138100,138200,138300,138500,138600,138800,139100,139700,140500,141000,141200,141200,141400,141300,140800,140300,140000,139500,138700,137900,137100,136600,136600,136400,136900,138500,140000,140600,141100,141700,142200,142800,143300,143400,143400,144000,144700,145200,146100,147200,148200,149500,151400,153200,154500,155500,157000,158400,159900,161900,164200,166500,169100,171400,173800,176600,179300,182100,185600,188700,191600,194700,197500,200000,202900,205400,207400,208600,210100,211800,213400,214900,216700,217700,217000,215100,213300,211700,210300,209800,210100,210400,210700,210800,211900,213600,214400,213800,213500,213800,213100,210600,207500,204700,200700,197900,189700,179000,173300,172500,169900,168200,167000,165400,164200,163100,161500,159400,158900,159600,159200,157200,154900,153000,151300,149500,147500,146700,146700,146700,146300,147000,147500,147300,146400,145400,145300,146500,147800,147800,147900,148200,149400,150100,150600,150600,151300,153200,156200,158400,160000,160900,161800,162600,164000,165300,165800,169600,175200,176300,173600,173000,172700,172200,172100,172400
"Nevada",86500,86500,86500,86100,85900,86100,86500,86500,86600,87000,87300,87700,88200,88600,88500,88200,88200,88200,88400,88600,88800,89200,89800,90200,90100,90000,90600,91200,91400,91300,91200,91300,91500,91400,91400,91600,91900,92100,92200,92000,92000,92100,92400,92800,93400,93900,94600,95300,95900,96100,96300,96900,97300,97600,97700,97900,98100,98400,98700,99000,99400,99600,99800,100100,100500,101200,102000,102400,102900,103700,104300,104600,104900,105400,105700,106000,106400,107000,107800,108700,109600,110600,111500,112300,113100,113800,114400,115400,116800,118300,120000,122300,124600,127000,129900,133800,138500,144000,150200,156700,163000,168200,172100,175400,178200,180400,182200,184200,186200,188400,190700,192600,194300,196500,199300,202400,205000,206900,208700,210400,212100,213100,213600,213800,213600,212700,211900,210900,209500,208200,207000,205200,203100,201200,199400,197600,195800,193600,191300,189000,186100,182500,178300,174100,169800,164900,160200,155700,151000,146500,142300,137200,132900,130500,128000,124000,119700,115200,110400,105400,100900,97100,93700,91000,88800,87100,85800,84600,83300,82100,81100,80400,79700,78800,77900,77300,76600,75200,73900,72800,72000,71100,70200,69500,69000,68300,67500,66900,66300,65900,65800,66200,66900,67600,68400,69500,70700,72000,73400,74900,76200,77600,79200,80800,82600,85000,87500,89700,92000,94600,96800,98200,99100,99900,100800,101800,103000,104300,105500,106000,106500,107400,108500,109400
"New Mexico",117700,114800,113100,114100,117500,119200,117700,116500,115700,114800,114600,115700,117500,119500,121300,120200,117100,116000,119500,124500,127200,127400,126400,125100,124600,124800,124300,123900,123800,123100,119900,116000,115900,117400,118200,119500,121600,121700,122200,124100,124900,126000,128100,129400,129700,131500,133500,133500,131600,130500,131100,131300,131000,130900,130600,130200,129900,130000,130500,131500,132600,135300,138100,138900,138800,140500,142200,143000,142700,141800,140600,140000,140500,141200,141500,142500,144000,144300,144200,144400,144300,144300,145100,146600,148100,150200,152300,153700,155500,157400,158300,159300,161800,164400,165800,166700,168600,168500,167000,165200,162600,158800,158200,159500,159600,157800,157800,159700,161500,163300,165900,168300,168900,169200,170300,170900,171300,172400,172800,173100,173300,171100,167200,167000,170800,173500,173600,174400,175400,175800,176500,174600,170400,169000,170900,172400,172500,173000,173700,173800,175600,179800,182800,183400,183700,184300,184900,186300,187800,189600,192200,194900,196200,198000,201200,204300,207000,211700,214800,213200,212300,215700,217300,213800,210000,205300,201200,200400,202600,200200,195600,191100,190400,188400,185300,184100,185000,181900,178400,178300,179900,180000,178100,176800,175300,174000,171700,171100,170500,169800,166600,165300,165200,165500,166000,167500,166600,164000,163300,164600,165100,163400,159600,156400,157200,162300,168900,175300,177600,178300,179500,177000,172100,172800,176300,174800,166800,157800,151000,145700,141200,138300,136300,134600
"West Virginia",66500,65600,65400,66100,67000,67200,67000,67100,67500,68000,68300,69300,70700,72000,72900,72900,72500,72100,71800,71800,72300,72200,71800,72100,73200,73700,73800,73800,74200,74900,75400,75400,75400,75100,74900,74700,74600,74700,75200,75300,75200,75500,75900,75600,75500,75800,76200,77000,77700,78100,77900,77600,77200,77500,78000,78200,78500,79300,79300,79000,79200,79400,79100,78600,78400,78500,78800,79000,79000,79500,80100,80500,80600,81000,81700,82800,83500,83800,84200,85100,85800,85900,86000,86800,88500,90200,91800,92700,92800,92700,93700,94600,95000,95100,96400,97300,97100,95900,94800,93900,93600,93400,94400,95800,95500,94600,94800,95900,97000,98200,99600,101400,102900,102600,100800,100600,101800,102000,101500,100800,99900,99200,100500,103800,109100,114200,117500,118600,119600,120400,120600,120800,121200,121900,122000,121200,120100,120200,119500,118700,119300,121100,121400,120500,119500,119300,118200,115000,111600,110100,109000,107400,109000,113900,118600,120900,121900,121800,122600,123700,124000,123100,124100,125300,124000,122100,122000,122400,123800,125900,125800,126200,128700,131100,131700,131000,127300,122600,118300,117100,118000,118600,118500,118800,119100,119100,119000,118300,117600,117200,118100,119200,119100,118600,118500,118200,117300,116900,119300,123200,125100,126100,125700,121900,118600,118000,118500,119500,119800,118400,117000,118200,122100,124500,126300,130800,135900,139100,141300,140400,138300,138100,139000,139400
"Nebraska",82600,83100,83800,84900,85900,86700,87000,87100,87100,87400,88000,88500,88600,89000,89300,89500,90000,90500,90700,90900,91600,92200,92500,92700,92600,92300,92200,92700,93000,93100,92800,92600,92900,93700,94400,94800,94900,95400,96100,96400,96500,96700,97000,97200,97400,97500,97300,97100,97500,98700,100000,101300,102200,102900,103700,104700,105300,105500,105600,105500,105300,105100,105100,104700,104200,104700,105400,105900,106900,108100,109000,110000,110800,111100,110800,110700,111000,111800,112500,112800,113000,113000,112700,112600,113500,114400,114900,115700,116500,116500,116700,117300,116800,116800,117900,119000,119400,119400,119400,119700,120200,120100,120100,120600,121400,122500,123400,123600,123300,123300,123500,123500,123400,123400,123300,123400,123600,123600,123800,124200,124600,124700,125200,125400,125400,125600,125600,125200,125000,124700,124500,124600,124700,124700,124700,124200,123500,123400,123500,123400,123300,123500,123300,122900,122700,122900,123000,123100,123200,123400,123600,123600,123500,123100,122400,121700,121400,121400,121400,121600,121700,121500,121300,121300,121100,120900,120700,120700,120600,120600,120800,120800,120800,120500,120100,119600,119100,118600,118900,119700,120100,119700,119300,119300,119200,118700,118600,118900,118900,118800,118300,117800,117600,117300,116700,117300,119200,120800,121400,121600,122100,123000,123600,124300,125000,125700,126300,126600,126500,126900,127600,128400,129500,130400,130700,130300,130000,130500,131200,130900,130500,130400,130600,130800
"Hawaii",174700,173700,172500,171900,170700,169200,167500,166200,165300,164700,164300,163900,163000,161500,160300,159800,159400,158300,157400,156700,156000,155500,155800,156000,155800,155200,154600,153700,153200,152800,152400,152000,152000,151800,151300,150600,149900,149200,149100,148800,148200,147900,147800,148000,148700,149600,150600,151500,152200,153000,153900,155000,156600,158200,159100,159000,158300,157900,158200,159000,159800,160800,161600,162200,162600,162800,163200,164300,165600,166900,168000,169100,170300,172100,173600,174600,175900,178400,181300,184000,186900,189800,192000,194100,196300,198500,201100,204400,207800,211300,215200,219600,223800,228000,232400,237100,242400,248300,254400,260700,266900,272800,278800,284400,290300,296600,302500,307900,313900,320400,326800,333500,340400,346600,351900,356300,359800,363500,367600,371600,374400,375400,375700,375800,375200,374100,372900,372400,371900,371100,370400,370500,370400,369600,368400,367000,365300,363700,362800,362200,361200,359200,357300,355700,354500,353400,352400,351000,348900,345700,342000,338800,335800,332800,329600,325800,321600,317700,314600,312300,311100,311900,313400,314400,315300,316700,318000,318400,318900,320200,320600,319900,319000,317700,315900,314300,313300,312400,311800,311200,310600,310200,310300,310400,310300,310000,309500,309400,309500,309500,309700,310500,311100,311500,312300,313700,315200,316700,318200,319600,321500,324100,326700,329100,331600,334100,336700,339900,343000,346000,349000,351600,353400,355100,357100,359100,361500,363400,365000,366900,369500,371800,374100,375900
"Maine",79300,79300,79800,80500,81000,81100,81400,81200,80500,80500,81600,82500,83200,83600,83400,83000,82500,82800,84100,85300,85700,86000,86500,87700,89100,89700,89800,90100,90500,90900,91200,91400,92100,93200,94300,95500,96900,98300,100200,102100,103400,103400,103300,105000,107100,108100,108800,109700,109700,109900,110500,111700,115400,119300,119100,116700,116300,117000,118000,118900,121000,124200,127300,129100,129400,131200,135300,139800,143400,146400,147200,146900,145400,143500,144000,146400,148500,149500,150500,150400,151800,155400,159500,161700,164500,168500,170800,171100,171300,170800,171600,175900,179400,179300,179100,181400,183400,184100,184600,185700,187300,189300,190500,191500,193400,195800,198000,200000,202100,203500,204100,204700,205700,207100,209000,209400,208200,207800,208400,208100,209000,211300,213000,213100,212800,211600,210500,209800,208700,206900,205300,204400,204300,205100,205400,205400,205100,207000,210500,212700,211600,209300,204700,201900,199000,196100,194800,196500,196700,195100,193500,191600,189600,189700,194100,194200,189400,184800,183200,181500,180000,177400,175500,175700,176000,175400,174100,172400,171300,170100,167900,166300,166600,166100,163800,161600,159600,156800,156900,,160800,163100,162000,161600,162000,163100,166200,165800,161100,163100,168300,166400,166500,175700,181600,177000,167700,159700,153800,149800,146100,140800,135800,132800,129500,125700,125400,128100,130600,131300,131200,130800,131900,133000,134200,134800,133600,130500,128300,127200,126700,126300,125800,125300
"New Hampshire",78300,78400,78700,79200,79300,79000,78800,78900,79200,79500,79300,79100,79200,79600,80100,80700,81300,81700,82200,82900,83400,84300,85300,86000,86500,87300,88000,88700,89400,90300,91000,91600,92200,92800,93300,93800,94100,94400,94700,95000,95600,96300,97100,97800,98800,100300,102000,103000,103900,105300,106900,108100,109100,110300,111900,113800,115300,116500,117900,119500,121000,122300,123400,124700,126400,128300,129800,131000,132400,134300,136400,138200,139900,141500,143100,144900,146900,148700,150600,152600,154300,155900,157300,158600,159900,161100,162500,163900,165100,166300,168000,169600,171000,172500,174100,175700,177300,179300,181300,182900,184300,185800,186800,188000,189300,190600,191900,193200,194600,195800,196400,196900,197800,198500,198700,198500,198400,198600,198900,199200,199400,199400,199300,199300,198700,197900,197800,197700,197100,196300,196000,195900,196300,196400,196300,196200,196100,195400,194400,193300,192200,190900,189400,187700,185800,184100,182600,180900,179200,177700,176500,175500,174300,173000,171800,170900,170100,169500,169200,169300,169100,168400,167600,167500,168000,168800,169000,168600,167800,167000,166200,165400,164700,164400,164100,163400,162400,161200,160400,159700,158300,156900,155900,155300,154900,154400,153700,153000,152600,152400,152000,151700,152100,152200,151500,150800,150700,151000,151300,151500,151700,151900,152200,152700,153200,154000,155000,155800,156600,157300,158200,159200,160200,160700,161100,161300,161500,162100,163300,164300,165100,166100,166900,167200
"Rhode Island",93900,92800,91900,91100,90500,90200,90100,89900,89900,90000,90200,90500,90800,90800,91000,91200,91300,91000,91000,91300,91500,91800,92400,92800,93000,93500,93600,93400,93500,93700,93700,94100,94900,95500,96000,96700,97600,98000,98100,98700,99500,100400,101100,101900,102900,104400,105900,107400,108300,109300,110700,112600,114400,115800,117300,118700,119700,120800,122200,123500,125000,127000,129200,131200,133100,135200,137100,139000,141100,143200,145100,147300,149900,152900,155900,158400,160600,163500,166800,169900,172700,175200,177200,179400,182100,185000,187900,191100,194600,198100,201200,203900,206600,209300,211600,214000,216500,219100,221800,224500,226500,228200,230500,233100,235200,237200,239400,241500,242700,243300,243400,243400,243700,244000,244100,244200,243700,243000,243100,243100,243200,243600,243600,243100,242500,241100,239300,237700,236700,236000,235500,234900,234000,232400,230900,229800,229100,228400,227400,225800,224600,223400,221400,218700,215500,212300,209700,207300,204800,202300,199900,197200,195600,194900,194200,193200,192800,192700,192300,191400,190000,189000,188800,189100,188700,187700,186300,185100,184700,185100,184800,183800,182700,181600,180600,180000,179300,178200,177300,176400,174500,172100,170200,169500,169300,169200,168600,167400,165700,164500,163500,162900,162600,162400,162300,162400,162400,161900,161300,161200,161700,162100,162600,163200,163600,163900,164600,165100,165400,165500,165900,166100,165900,165600,165400,165900,166700,167100,166900,167000,167500,168100,168900,169400
"Montana",,,,,,,,,,,,,,,,,,,,,,89400,89800,90300,90300,89800,88200,86800,86500,86700,86500,86300,86500,86900,86900,86400,86300,87000,87900,88300,88300,88800,89800,90500,90700,90600,90300,90500,91200,91700,91800,92100,92800,93100,93000,92800,92900,93400,94200,95100,95300,94600,94000,93700,93700,94100,94900,95800,96800,98000,98900,100000,101300,102700,103200,103100,103000,102900,102700,103200,104100,104600,105000,105300,105600,106300,107600,109300,110200,110500,111200,112000,112200,112500,113600,114800,115700,116400,117400,118900,120600,121900,122900,123900,125400,127100,128200,128600,128900,130400,133200,136000,137700,138800,139900,141200,142400,143100,143600,144300,144700,144800,145000,144900,144600,145200,146800,148300,150100,152300,153300,153800,155200,156400,157100,158000,158600,158800,159000,158500,158400,159500,160500,160900,161100,160700,159500,159400,160500,163300,166400,169000,172600,177100,180500,183300,186600,189500,192300,195300,195900,195000,193100,191400,182100,170300,165100,166300,166000,166800,166100,163600,163100,162700,159400,156600,158500,160200,160000,158400,156100,154100,153700,152000,150900,149900,151300,153200,154400,154000,154400,153800,153100,151200,149600,150000,152100,153700,153000,152800,153600,154200,154100,154300,154100,154200,154800,155600,155700,156100,158800,161700,162200,164000,165000,163300,164500,167700,166800,164800,163200,161600,160900,160300
"Delaware",,,,,,,,,,,113900,113800,112600,111800,112600,113900,114300,115100,116800,119000,120000,119900,119100,119400,119100,117800,116300,115500,115300,115500,115100,113900,113500,115100,117400,119500,120600,120600,120000,118700,116300,115000,115500,116500,117600,118700,120400,122200,123600,124700,125600,125700,125900,126900,128300,129000,129500,130900,132100,132200,132700,135100,138300,141100,143100,142400,141400,143300,146700,148700,150600,152500,154500,156100,157900,160100,163200,168400,174500,178900,181400,183900,185900,189300,193100,196600,200500,204900,207900,207900,206100,205000,205200,206300,208100,210000,211200,213500,216700,219600,222200,226100,230800,235300,239400,243900,248100,251200,253900,255500,256200,257600,261300,266400,271400,275100,277800,278900,279400,280400,281200,280200,278400,275900,273000,271200,270500,270000,269000,268200,267900,268100,267800,266800,265500,266100,268600,270100,269200,267200,265100,263900,262900,260900,258500,256900,254800,252800,251200,251000,252900,255700,259500,264900,268500,268600,273700,287600,304100,315200,320000,321100,321300,322100,321200,316300,309500,304800,299500,292500,286600,280400,273000,264800,257900,254600,253600,252600,254800,260000,258800,249700,242400,241100,239500,235700,232100,230300,231100,234000,237200,238600,238400,236600,235100,233200,234800,240500,248500,253700,256800,257400,257400,255500,254200,254800,254800,254200,254400,255400,252300,245000,237000,232900,230000,231900,241300,252600,257500,259200,262000,265100,267400,269200
"South Dakota",,,,,,,,,,,,,,,,,,,,,,,,,,,,,,,,,,,,,,,,,,,,,,,,,,,,,,,,,,,,,,,,,,,,,,,,,,,,,,,,,,,,,,,,,,,,,,,,,,,,,,,,,,,,,,,,,,,,,,,,,,,,,,,,,,,,,,,,,,,,,,,,,,,,,,,,,,,,164400,168500,170700,172200,171900,170100,170300,172700,173700,175200,177000,175800,173100,172800,171800,169500,168500,169400,171700,173400,173000,171300,170900,168500,165600,164700,164200,162300,161700,163300,164900,165000,165100,165700,165200,164900,165500,166600,168900,172100,173400,170700,165400,160600,159000,155900,150500,144700,140300,135300,131500,129100,129000,128800,128100,127400,127800,126700,124400,124000,123400,121000,121400,123400,123000,121900,123000,123100,122200
"Alaska",,,,,,,,,,,,,,,,,,,,,,,,,,,,131900,128100,126100,124800,123700,122800,121700,120200,119600,120000,120700,121300,122300,123400,124000,124000,123800,123400,122700,121600,120800,121300,122600,124000,125200,126600,127800,128800,129000,129000,128300,127000,125900,125900,126500,126800,126400,126200,126500,127100,127800,128600,128900,129000,129200,130200,131600,133100,134400,135300,136300,137200,138200,138100,137200,136600,136800,137500,138400,139400,140400,141400,143000,145000,146300,147100,148500,150000,150800,151100,151400,152000,153000,154200,155100,155600,156200,157200,158700,160100,161500,163100,164600,165900,167200,168500,170100,171700,173500,176300,179400,181300,182600,184200,185800,187100,188000,188600,189200,189900,190800,191800,192500,193200,193400,193800,194700,195600,196200,196900,196900,197000,197300,197700,197400,196500,195700,195300,194400,193700,192800,191300,189500,187700,186000,185200,184500,182900,180600,178900,177400,175900,175600,176500,177800,177700,177100,172600,167000,163900,163700,163200,163600,164700,164900,164100,163100,162600,161700,161800,164900,166400,164800,163000,162500,161500,161200,160600,160200,160500,161000,161200,160000,163000,168500,170800,169200,168600,167800,167400,167300,167000,167100,168100,169100,169100,166100,162600,161500,162900,164200,165300,165500,165700,166300,167300,167900,168100,171900,177900,180300,178600,177700,177700,178500,179400,180200
"North Dakota",,,,,,,,,,,,,,,,,,,,,,,,,,,,,,,,,,,,,,,,,,,,,,,,,,,,,,,,,,,,,,,,,,,,,,,,,,,,,,,,,,,,,,,,,,,,,,,,,,,,,,,99300,99300,98100,97000,96200,95800,96200,97100,98500,99700,100300,101100,101600,101700,101900,102200,102400,102400,102200,101600,100700,100000,100200,100500,100300,100200,100100,100100,100500,101100,101400,102100,103400,105000,105800,105400,104800,104900,105300,105200,105400,106100,106600,106600,106500,106600,107700,109100,110300,111500,112700,114000,115100,116200,117300,118800,118900,116900,114700,114200,114600,115100,115400,115500,115400,115100,114900,114500,114500,114800,115000,114600,114300,114000,113900,113700,113800,113900,113800,113400,113400,113500,113500,113700,114100,114800,115400,116000,116300,116900,117600,118600,119700,120900,121800,123000,124400,125600,126800,128700,130300,131200,131700,132600,133800,134900,136200,137000,136600,135700,135700,135900,135600,135100,134700,134000,133600,134500,135800,136800,138000,139100
"Vermont",,,,,,,,,,,,114700,112700,109900,107700,106100,103700,101600,101100,101600,100700,99700,100900,102900,103100,102300,101500,100100,99000,98900,99100,99200,100100,101800,104500,106100,105500,104700,105900,106900,107800,108900,109500,109100,108800,107800,106600,106200,106000,106000,107600,111100,113100,113700,114400,116000,117100,119000,121500,123700,125500,127500,129500,131200,133800,135400,136400,137800,138800,138700,139700,141100,141700,140300,139100,138500,139600,141200,141100,140000,141200,143600,146300,149500,152900,155500,156700,157400,159000,160800,162800,164500,166700,168600,169400,169600,169700,171400,174300,177700,179100,179700,181700,186400,191300,195400,198100,200000,201300,203700,206100,207400,207600,208000,208800,210000,210000,209800,210100,211700,213300,213700,212700,211300,209500,208000,206800,204600,199200,190800,183600,180100,178600,177000,175800,176500,179500,183900,187800,186500,181900,180200,181500,181700,181500,181100,181000,181100,179900,177300,175100,174100,178400,185900,190200,189600,189200,189600,188200,184700,182600,183000,183700,185700,187900,188700,189100,189100,188600,188300,188200,187500,187000,186400,185800,185700,185400,184700,184800,185700,185800,185900,186600,187100,187000,186000,185000,184700,184800,184000,183000,182800,182000,180300,179600,180100,180800,180800,179600,178400,178900,179500,179600,179600,179500,180100,180800,181700,182500,183100,183700,184800,185400,186300,187400,188400,189000,189900,191700,194300,195300,195500,196000,196500
"District of Columbia",,,,,,,,,,,,,,,,,116000,115200,114500,114700,115500,116400,117000,118100,119100,119500,119300,119700,120500,121000,121800,122500,122900,123300,123600,123800,124400,125300,126100,127100,128000,129000,130300,131600,132800,134100,135400,136500,137700,139000,140500,141900,143200,143700,144000,144100,145300,147100,148900,150200,152400,155000,157800,161200,165200,168400,171100,173800,176200,178600,181000,183600,186600,190700,195800,200900,205500,209800,214200,219300,224700,229300,233700,238100,241700,244600,246900,249200,252600,257100,261800,266400,270400,274800,280300,286100,291400,296600,302500,309100,316300,324100,330900,336300,341200,345800,349600,354200,359000,363900,369400,374300,377200,379500,382800,387100,390500,392600,394000,394900,395300,395300,394400,393000,391900,390900,390000,388800,388200,388400,389400,389900,389600,388500,387400,386500,386000,385400,384300,382500,380400,378400,376200,374100,372700,371800,370100,368000,365700,363500,361600,360000,358400,356600,355400,355000,354100,352600,351100,350000,349000,348200,348000,348300,348600,349200,349300,348600,348300,348900,349900,351100,352100,352600,352700,352700,352700,352400,352200,352200,352000,351800,351500,351200,351300,351700,352700,354200,356300,358800,361200,363600,366200,368700,371500,374300,377000,380000,382800,385800,389100,392200,395000,399200,404200,409900,415500,421200,426300,431000,435000,438500,441800,445100,447700,449600,450700,451200,452400,454800,457800,460300,462700,464800
"Wyoming",,,,,,,,,,,,,,,,,,,,,,,,,104100,104100,102400,100900,100200,99500,98100,97600,98600,101100,101900,101400,101800,103600,104900,104800,104800,105900,107600,108200,107900,107600,108400,110500,113000,114200,114000,114200,115600,118000,119400,120500,120600,120200,118700,117800,117700,119100,120800,120900,119600,120300,122900,123600,123400,124700,126400,126500,125600,125900,126500,126300,126200,125200,124400,124600,125500,125200,125500,126800,128800,129900,132000,133600,133500,132100,131100,132400,133700,133700,136100,140200,142000,142700,145000,148700,153800,158800,162000,162000,162200,163600,165600,167000,166700,164700,163700,164100,163600,161600,161300,164400,168300,169700,169000,167600,167300,167300,168300,168900,167500,164300,161300,159000,157900,157000,154100,152700,153900,155400,155000,156300,159100,163800,167900,169300,170900,176200,179200,178600,179800,183600,184900,185200,188500,194800,200700,206200,211800,217100,221300,226000,233700,242300,246800,247000,246800,247800,247500,246500,239400,230200,226700,230200,232000,231700,230700,231100,229500,224100,220300,218800,217200,215300,218100,218800,209900,200700,198600,198200,196000,193300,190200,188300,188200,188000,186500,186500,190200,192900,192400,192000,192200,192400,191700,190600,189900,191000,192100,194100,198400,200600,201400,202100,203200,205300,208300,207800,208000,207400,206000,197900,184400,173900,170700,168000,166300,165400,165200,165100
