"Date","RegionName","State","SizeRank","Zri","MoM","QoQ","YoY","ZriRecordCnt"
2014-11-30,"United States",,0,1342,0.00298953662182362,0.00902255639097744,0.0338983050847458,84050623
2014-11-30,"New York, NY","NY",1,2329,-0.00766936514699617,-0.00682302771855011,0.0161431064572426,3298790
2014-11-30,"Los Angeles, CA","CA",2,2437,0.00246812011517894,0.00994612515540821,0.0436830835117773,2505916
2014-11-30,"Chicago, IL","IL",3,1636,-0.00365408038976857,-0.00426049908703591,0.0225,2679909
2014-11-30,"Dallas-Fort Worth, TX","TX",4,1432,0.00491228070175439,0.0163236337828247,0.0467836257309941,1619476
2014-11-30,"Philadelphia, PA","PA",5,1544,-0.00707395498392283,-0.00579523502897617,0.0265957446808511,1834500
2014-11-30,"Houston, TX","TX",6,1485,0.00337837837837838,0.0136518771331058,0.0569395017793594,1538144
2014-11-30,"Washington, DC","DC",7,2108,0.00285442435775452,0.00957854406130268,0.0120019203072492,1682639
2014-11-30,"Miami-Fort Lauderdale, FL","FL",8,1778,0.00056274620146314,0.00508762012436405,0.0422039859320047,1826211
2014-11-30,"Atlanta, GA","GA",9,1221,0.0057660626029654,0.0191986644407346,0.0400340715502555,1626021
2014-11-30,"Boston, MA","MA",10,2137,0,0.00849457291175083,0.0465230166503428,1120863
2014-11-30,"San Francisco, CA","CA",11,3011,0.00702341137123746,0.027294438758103,0.155410590943975,1066717
2014-11-30,"Detroit, MI","MI",12,1078,0.0131578947368421,0.0150659133709981,0.0266666666666667,1549521
2014-11-30,"Riverside, CA","CA",13,1653,0.00486322188449848,0.00915750915750916,0.0357142857142857,1091694
2014-11-30,"Phoenix, AZ","AZ",14,1224,0.00327868852459016,0.0115702479338843,0.0634231103388358,1292172
2014-11-30,"Seattle, WA","WA",15,1827,0.00605726872246696,0.0178272980501393,0.0572916666666667,987866
2014-11-30,"Minneapolis-St Paul, MN","MN",16,1506,-0.0013262599469496,-0.0046265697290152,0.0087073007367716,1025608
2014-11-30,"San Diego, CA","CA",17,2265,0.00221238938053097,0.00980829246544806,0.0399449035812672,729253
2014-11-30,"St. Louis, MO","MO",18,1129,0.0125560538116592,0.0386384544618215,0.0367309458218549,928406
2014-11-30,"Tampa, FL","FL",19,1260,0.00719424460431655,0.0136765888978278,0.0353327855382087,960654
2014-11-30,"Baltimore, MD","MD",20,1714,-0.0017472335468841,0.00410076157000586,0.0166073546856465,883564
2014-11-30,"Denver, CO","CO",21,1801,0.0140765765765766,0.0338691159586682,0.100855745721271,793537
2014-11-30,"Pittsburgh, PA","PA",22,1128,-0.0105263157894737,-0.00616740088105727,0.0601503759398496,766451
2014-11-30,"Portland, OR","OR",23,1566,0.0135922330097087,0.0336633663366337,0.0645819170632223,643108
2014-11-30,"Sacramento, CA","CA",24,1615,0.00811485642946317,0.0195707070707071,0.0426081342801808,453900
2014-11-30,"San Antonio, TX","TX",25,1288,0.0015552099533437,0.00861393891934221,0.0420711974110032,451317
2014-11-30,"Orlando, FL","FL",26,1309,-0.0015255530129672,0.00306513409961686,0.02827965435978,657489
2014-11-30,"Cincinnati, OH","OH",27,1189,-0.00167926112510495,0,0.0485008818342152,614200
2014-11-30,"Cleveland, OH","OH",28,1157,0.00173160173160173,0.0078397212543554,0.0432822362488729,636528
2014-11-30,"Kansas City, MO","MO",29,1192,0.0118845500848896,0.0231759656652361,0.0826521344232516,598799
2014-11-30,"Las Vegas, NV","NV",30,1193,0.00420875420875421,0.0110169491525424,0.0144557823129252,596488
2014-11-30,"San Jose, CA","CA",31,3184,0.0053678560151563,0.0237942122186495,0.151953690303907,422729
2014-11-30,"Columbus, OH","OH",32,1265,-0.00393700787401575,0.012,0.048053024026512,555437
2014-11-30,"Charlotte, NC","NC",33,1223,0.00245901639344262,0.0115798180314309,0.0588744588744589,590483
2014-11-30,"Indianapolis, IN","IN",34,1195,0.00251677852348993,0.00843881856540084,0.0196245733788396,547244
2014-11-30,"Austin, TX","TX",35,1642,0.00428134556574924,0.01671826625387,0.0767213114754098,391683
2014-11-30,"Virginia Beach, VA","VA",36,1425,0.000702247191011236,0.00210970464135021,0.00992204110559887,472775
2014-11-30,"Providence, RI","RI",37,1518,0.00529801324503311,0.0167448091091762,0.024983119513842,390903
2014-11-30,"Nashville, TN","TN",38,1315,0.00535168195718654,0.0162287480680062,0.0691056910569106,518487
2014-11-30,"Milwaukee, WI","WI",39,1378,-0.0121863799283154,-0.0220014194464159,0.0260610573343261,329975
2014-11-30,"Jacksonville, FL","FL",40,1231,0.0032599837000815,0.00571895424836601,0.0215767634854772,434243
2014-11-30,"Memphis, TN","TN",41,1062,-0.000940733772342427,0.0028328611898017,0.0535714285714286,394709
2014-11-30,"Louisville-Jefferson County, KY","KY",42,1039,-0.00764087870105062,-0.0179584120982987,0.0463242698892246,509140
2014-11-30,"Richmond, VA","VA",43,1329,0.0060560181680545,0.0137299771167048,0.0129573170731707,410535
2014-11-30,"Oklahoma City, OK","OK",44,1176,0,0.00857632933104631,0.0769230769230769,426227
2014-11-30,"Hartford, CT","CT",45,1619,0.0099812850904554,0.0259822560202788,0.0418275418275418,334997
2014-11-30,"New Orleans, LA","LA",46,1421,-0.0260452364633311,-0.0313565098841172,0.0135520684736091,322608
2014-11-30,"Buffalo, NY","NY",47,1201,-0.00166251039068994,-0.00249169435215947,-0.00743801652892562,292466
2014-11-30,"Raleigh, NC","NC",48,1328,0.00988593155893536,0.0160673297628156,0.0334630350194553,364658
2014-11-30,"Birmingham, AL","AL",49,1052,0.00477554918815664,0.0253411306042885,0.0834191555097837,370155
2014-11-30,"Salt Lake City, UT","UT",50,1415,0.00855310049893086,0.0209235209235209,0.0114367405289492,304986
2014-11-30,"Rochester, NY","NY",51,1402,0.00646087580760948,0.0100864553314121,0.0108147080028839,287350
2014-11-30,"Tucson, AZ","AZ",52,1104,0.00181488203266788,0.00181488203266788,0.0203327171903882,283066
2014-11-30,"Honolulu, HI","HI",53,2359,0.000424088210347752,0.00382978723404255,0.0212121212121212,274603
2014-11-30,"Tulsa, OK","OK",54,1057,-0.00377002827521206,0.0192864030858245,0.0807770961145194,317192
2014-11-30,"Fresno, CA","CA",55,1195,0,0.016156462585034,0.0109983079526227,203228
2014-11-30,"Stamford, CT","CT",56,2422,0.0053964300539643,0.0193602693602694,0.031955688112484,250830
2014-11-30,"Albuquerque, NM","NM",57,1110,-0.0339425587467363,-0.0463917525773196,0.00634632819582956,259448
2014-11-30,"Albany, NY","NY",58,1543,0.0205026455026455,0.0293529019346231,-0.0171974522292994,207139
2014-11-30,"Omaha, NE","NE",59,1255,0,0.00884244372990354,0.0312243221035333,416690
2014-11-30,"New Haven, CT","CT",60,1617,0.00497203231821007,0.00434782608695652,0.0338874680306905,224724
2014-11-30,"Dayton, OH","OH",61,974,-0.00814663951120163,-0.00204918032786885,0.0417112299465241,274955
2014-11-30,"Bakersfield, CA","CA",62,1266,0.0176848874598071,0.0317848410757946,0.0301057770545159,185808
2014-11-30,"Ventura, CA","CA",63,2409,-0.00618811881188119,-0.00618811881188119,0.0277303754266212,205308
2014-11-30,"Allentown, PA","PA",64,1419,0.00566973777462792,0.0150214592274678,0.0495562130177515,241700
2014-11-30,"Baton Rouge, LA","LA",65,1324,-0.03003663003663,-0.0515759312320917,0.0729335494327391,214866
2014-11-30,"El Paso, TX","TX",66,1008,-0.00689655172413793,-0.0165853658536585,-0.00198019801980198,183193
2014-11-30,"Worcester, MA","MA",67,1465,-0.00136332651670075,0.0027378507871321,-0.0252827677977379,202196
2014-11-30,"McAllen, TX","TX",68,1032,-0.0124401913875598,-0.00578034682080925,0.0606372045220966,162135
2014-11-30,"Grand Rapids, MI","MI",69,1157,0.0078397212543554,0.0202821869488536,0.122211445198836,258924
2014-11-30,"Columbia, SC","SC",70,1090,0.00553505535055351,0.00553505535055351,0.0205992509363296,243226
2014-11-30,"Greensboro, NC","NC",71,943,0.00319148936170213,-0.0104931794333683,-0.00211640211640212,216835
2014-11-30,"Akron, OH","OH",72,1072,-0.0128913443830571,-0.0165137614678899,0.0297790585975024,227475
2014-11-30,"Sarasota, FL","FL",73,1814,0.00777777777777778,0.0330296127562642,0.0413318025258324,286291
2014-11-30,"Little Rock, AR","AR",74,992,0.00915564598168871,-0.008,-0.00100704934541793,220010
2014-11-30,"Knoxville, TN","TN",75,1052,0.010566762728146,0.0293542074363992,0.0144648023143684,262172
2014-11-30,"Springfield, MA","MA",76,1471,0.0151828847481021,0.0315568022440393,0.0514653323802716,174507
2014-11-30,"Stockton, CA","CA",77,1385,0.00289645184648805,-0.00144196106705119,0.0374531835205993,156139
2014-11-30,"Poughkeepsie, NY","NY",78,1826,0.00939745715865119,0.0440251572327044,0.0823947836395969,165608
2014-11-30,"Charleston, SC","SC",79,1407,0.00571837026447462,0.0217864923747277,0.0563063063063063,213528
2014-11-30,"Syracuse, NY","NY",80,1396,0.00503959683225342,0.0167516387472688,0.0287398673544584,174292
2014-11-30,"Toledo, OH","OH",81,940,0,-0.00634249471458774,0.0706150341685649,214787
2014-11-30,"Colorado Springs, CO","CO",82,1306,0.00771604938271605,0.0139751552795031,0.0332278481012658,198664
2014-11-30,"Greenville, SC","SC",83,1201,-0.011522633744856,-0.0219869706840391,0.0300171526586621,179211
2014-11-30,"Wichita, KS","KS",84,1050,0.00382409177820268,0.00574712643678161,0.0194174757281553,182134
2014-11-30,"Fort Myers, FL","FL",85,1631,0.00928217821782178,0.0206508135168961,0.164168451106353,290968
2014-11-30,"Boise City, ID","ID",86,1089,0.00183992640294388,0.00740055504162812,0.0655577299412916,180112
2014-11-30,"Lakeland, FL","FL",87,1125,0.00806451612903226,0.0180995475113122,0.0283363802559415,168501
2014-11-30,"Des Moines, IA","IA",88,1252,0,0.0170593013809911,0.0529857022708158,185109
2014-11-30,"Madison, WI","WI",89,1381,0.00072463768115942,0.00729394602479942,0.0590490797546012,187979
2014-11-30,"Youngstown, OH","OH",90,785,0.0155239327296248,-0.0576230492196879,-0.0332512315270936,196902
2014-11-30,"Scranton, PA","PA",91,1033,-0.00481695568400771,0.0782881002087683,0.176537585421412,172517
2014-11-30,"Augusta, GA","GA",92,874,0.0011454753722795,-0.00342075256556442,0.0222222222222222,210313
2014-11-30,"Harrisburg, PA","PA",93,1215,-0.00572831423895254,-0.000822368421052632,0.0366894197952218,167369
2014-11-30,"Ogden, UT","UT",94,1248,-0.000800640512409928,-0.00239808153477218,-0.0280373831775701,152025
2014-11-30,"Melbourne, FL","FL",95,1193,0.00675105485232068,0.0222793487574979,0.0595026642984014,209995
2014-11-30,"Jackson, MS","MS",96,1087,0.0102230483271375,0.0382043935052531,0.0235404896421846,155433
2014-11-30,"Chattanooga, TN","TN",97,1089,0.0130232558139535,0.03125,0.0361560418648906,172065
2014-11-30,"Provo, UT","UT",98,1329,0.00529500756429652,0.0114155251141552,-0.0486757337151038,125921
2014-11-30,"Lancaster, PA","PA",99,1110,-0.00269541778975741,0.0109289617486339,0.0383536014967259,134827
2014-11-30,"Modesto, CA","CA",100,1206,0.005,0.0125944584382872,0.0396551724137931,120505
2014-11-30,"Portland, ME","ME",101,1537,0.00326370757180157,0.0233022636484687,0.135994087213599,181138
2014-11-30,"Durham, NC","NC",102,1303,0.00540123456790123,0.00695517774343122,0.0324881141045959,138892
2014-11-30,"Daytona Beach, FL","FL",103,1199,0.000834724540901503,0.00925925925925926,0.0389948006932409,185753
2014-11-30,"Santa Rosa, CA","CA",104,2227,0.00225022502250225,0.0182898948331047,0.134488028527764,130193
2014-11-30,"Winston-Salem, NC","NC",105,1026,0,0.000975609756097561,-0.0153550863723608,152572
2014-11-30,"Lexington, KY","KY",106,1078,0.0256898192197907,0.0610236220472441,0.00465983224603914,137430
2014-11-30,"Spokane, WA","WA",107,1145,-0.0052128583840139,0.0043859649122807,0.0956937799043062,134247
2014-11-30,"Lansing, MI","MI",108,985,0.0112936344969199,0.0112936344969199,0.0800438596491228,128922
2014-11-30,"Fayetteville, AR","AR",109,1106,0.00820419325432999,0.0336448598130841,0.11830131445905,120025
2014-11-30,"Pensacola, FL","FL",110,1075,0.00844277673545966,0.0287081339712919,0.0717846460618146,154160
2014-11-30,"Visalia, CA","CA",111,1115,-0.00268336314847943,0.00541027953110911,0.0145586897179254,103047
2014-11-30,"Springfield, MO","MO",112,805,-0.00371287128712871,-0.00247831474597274,0.0176991150442478,87048
2014-11-30,"York, PA","PA",113,1239,-0.00241545893719807,-0.00561797752808989,0.0048661800486618,130112
2014-11-30,"Corpus Christi, TX","TX",114,1384,-0.0128388017118402,-0.0267229254571027,0.0679012345679012,123413
2014-11-30,"Flint, MI","MI",115,665,0.0374414976599064,0.047244094488189,-0.0952380952380952,140468
2014-11-30,"Reno, NV","NV",116,1384,0.00435413642960813,0.00362581580855693,0.0351533283470456,126578
2014-11-30,"Asheville, NC","NC",117,1145,-0.00261324041811847,-0.0196917808219178,0.0514233241505969,151976
2014-11-30,"Port St. Lucie, FL","FL",118,1356,0.00817843866171004,0.0172543135783946,0.0668764752163651,160178
2014-11-30,"Santa Barbara, CA","CA",119,2182,0.0101851851851852,0.0711831124202258,0.244013683010262,87956
2014-11-30,"Huntsville, AL","AL",120,1078,-0.0146252285191956,-0.0270758122743682,0,107409
2014-11-30,"Fort Wayne, IN","IN",121,1007,0.00800800800800801,0.007,0.0467775467775468,119249
2014-11-30,"Salinas, CA","CA",122,2023,0.00496770988574267,0.0160723254645907,0.0427835051546392,78650
2014-11-30,"Vallejo, CA","CA",123,1734,-0.000576368876080692,0.0099009900990099,0.0547445255474453,115499
2014-11-30,"Mobile, AL","AL",124,896,-0.00333704115684093,-0.00444444444444444,0.020501138952164,131384
2014-11-30,"Reading, PA","PA",125,1235,0.0122950819672131,-0.00563607085346216,-0.00803212851405622,107407
2014-11-30,"Brownsville, TX","TX",126,842,0.01323706377858,-0.00118623962040332,-0.0175029171528588,112313
2014-11-30,"Killeen, TX","TX",127,1003,-0.0118226600985222,-0.0224171539961014,0.0141557128412538,101041
2014-11-30,"Canton, OH","OH",128,948,-0.0125,-0.0385395537525355,-0.00836820083682008,126407
2014-11-30,"Manchester, NH","NH",129,1635,-0.0168370414912808,-0.0156532209512342,0.0289490245437382,89585
2014-11-30,"Shreveport, LA","LA",130,1081,-0.0127853881278539,0.00933706816059757,0.0384245917387128,116315
2014-11-30,"Salem, OR","OR",131,1254,0.0220048899755501,0.0564448188711036,0.100965759438104,92983
2014-11-30,"Beaumont, TX","TX",132,1118,0.0228728270814273,0.0163636363636364,0.139653414882773,118705
2014-11-30,"Anchorage, AK","AK",133,1956,-0.00559227249618709,-0.00102145045965271,0.0224777835859906,85110
2014-11-30,"Davenport, IL","IL",134,1009,0.01001001001001,0.0264496439471007,-0.0279383429672447,129265
2014-11-30,"Peoria, IL","IL",135,1085,-0.0207581227436823,-0.0189873417721519,-0.0127388535031847,130264
2014-11-30,"Montgomery, AL","AL",136,966,-0.0112589559877175,-0.0132788559754852,0.0638766519823789,117609
2014-11-30,"Tallahassee, FL","FL",137,1183,0.000846023688663283,0.00424448217317487,-0.00420875420875421,94106
2014-11-30,"Trenton, NJ","NJ",138,1796,-0.00111234705228031,0.0061624649859944,0.0158371040723982,106878
2014-11-30,"Fayetteville, NC","NC",139,882,-0.00226244343891403,-0.00451467268623025,-0.00898876404494382,101840
2014-11-30,"Hickory, NC","NC",140,957,0,0.00630914826498423,0.0235294117647059,105664
2014-11-30,"Wilmington, NC","NC",141,1231,0.00819000819000819,0.0215767634854772,0.0335852225020991,163850
2014-11-30,"Evansville, IN","IN",142,922,-0.00966702470461869,-0.0107296137339056,0.0489192263936291,108826
2014-11-30,"Eugene, OR","OR",143,1201,0.0238704177323103,0.0498251748251748,0.0425347222222222,81528
2014-11-30,"Rockford, IL","IL",144,1006,0.00099502487562189,-0.0518378887841659,-0.0787545787545788,100890
2014-11-30,"Savannah, GA","GA",145,1229,-0.000813008130081301,0.00162999185004075,0.0284518828451883,98180
2014-11-30,"Ann Arbor, MI","MI",146,1724,0.00524781341107872,0.00524781341107872,0.0493000608642727,105168
2014-11-30,"Ocala, FL","FL",147,954,0.00104931794333683,0.00104931794333683,0.0553097345132743,101831
2014-11-30,"Kalamazoo, MI","MI",148,1051,0.0263671875,0.074642126789366,0.102833158447009,106837
2014-11-30,"South Bend, IN","IN",149,870,0.0175438596491228,0.0419161676646707,0.00928074245939675,109715
2014-11-30,"Kingsport, TN","TN",150,955,0.00526315789473684,0.0159574468085106,0.00420609884332282,105521
2014-11-30,"Roanoke, VA","VA",151,1110,0.0109289617486339,0.0230414746543779,0.00725952813067151,117399
2014-11-30,"Green Bay, WI","WI",152,1044,0.0116279069767442,0.0316205533596838,-0.03601108033241,100356
2014-11-30,"Charleston, WV","WV",153,983,0.0314795383001049,0.0218295218295218,-0.1246660730187,148011
2014-11-30,"Lincoln, NE","NE",154,1139,0.00529567519858782,0.0326382592928377,0.0951923076923077,84751
2014-11-30,"Fort Collins, CO","CO",155,1589,0.0185897435897436,0.0447074293228139,0.0928473177441541,103453
2014-11-30,"Fort Smith, AR","AR",156,852,0.00353356890459364,-0.00467289719626168,0.0289855072463768,72367
2014-11-30,"Columbus, GA","GA",157,910,0.0133630289532294,0.0224719101123596,-0.0130151843817787,79882
2014-11-30,"Boulder, CO","CO",158,2093,0.00287494010541447,0.00335570469798658,0.0194836824159766,96001
2014-11-30,"Huntington, WV","WV",159,898,-0.00332963374028857,-0.00663716814159292,0.00111482720178372,58276
2014-11-30,"Lubbock, TX","TX",160,1181,0.0189818809318378,0.0405286343612335,0.0432862190812721,77392
2014-11-30,"Spartanburg, SC","SC",161,979,-0.00203873598369011,0,-0.00305498981670061,84852
2014-11-30,"Erie, PA","PA",162,1132,0.0161579892280072,0.116370808678501,0.152749490835031,72843
2014-11-30,"Duluth, MN","MN",163,1052,-0.029520295202952,-0.072310405643739,-0.0513976555455365,103396
2014-11-30,"Atlantic City, NJ","NJ",164,1474,-0.002031144211239,-0.0296247531270573,-0.019294743845642,103507
2014-11-30,"New London, CT","CT",165,1466,0.00894700619408121,0.0316678395496129,0.020891364902507,79933
2014-11-30,"Clarksville, TN","TN",166,954,0.00210084033613445,0.00526870389884088,0.00739176346356917,70785
2014-11-30,"Lafayette, LA","LA",167,1470,-0.00809716599190283,0.027972027972028,0.130769230769231,67247
2014-11-30,"San Luis Obispo, CA","CA",168,2057,0.0153010858835143,0.0457549567869852,0.122204037097654,77315
2014-11-30,"Myrtle Beach, SC","SC",169,1096,0.0223880597014925,0.0448045757864633,0.111561866125761,130996
2014-11-30,"Hagerstown, WV","WV",170,1201,0.00586264656616415,0.0238704177323103,0.00334168755221387,84618
2014-11-30,"Gainesville, FL","FL",171,1173,0.00686695278969957,0.00170794192997438,-0.010126582278481,64280
2014-11-30,"Santa Cruz, CA","CA",172,2614,0.0139643134212568,0.0418493423674771,0.222066386161758,56410
2014-11-30,"Cedar Rapids, IA","IA",173,1096,-0.0275066548358474,-0.044463818657367,0.00274473924977127,52970
2014-11-30,"Merced, CA","CA",174,1042,-0.00382409177820268,0.000960614793467819,0.0347567030784508,54214
2014-11-30,"Kennewick, WA","WA",175,1243,-0.00956175298804781,-0.00240770465489567,0.0205254515599343,54415
2014-11-30,"Greeley, CO","CO",176,1453,0.0225193525686137,0.0843283582089552,0.129860031104199,69621
2014-11-30,"Lynchburg, VA","VA",177,1100,-0.0134529147982063,-0.0359333917616126,-0.0256864481842338,71642
2014-11-30,"Olympia, WA","WA",178,1415,0.0042583392476934,0.00999286224125625,0.01506456241033,79069
2014-11-30,"Bremerton, WA","WA",179,1478,0.00203389830508475,0,0.0271021542738013,74780
2014-11-30,"Laredo, TX","TX",180,1155,0.00961538461538462,0.00609756097560976,0.0443037974683544,53196
2014-11-30,"Amarillo, TX","TX",181,1174,0.00427715996578272,0.0138169257340242,0.0444839857651246,56370
2014-11-30,"Gulfport, MS","MS",182,1026,0.00588235294117647,-0.0115606936416185,-0.0256410256410256,62110
2014-11-30,"Yakima, WA","WA",183,1054,0.0363815142576204,0.076608784473953,0.0363815142576204,59111
2014-11-30,"Waco, TX","TX",184,1096,-0.0249110320284698,-0.0196779964221825,0.0970970970970971,64281
2014-11-30,"Topeka, KS","KS",185,949,0.00211193241816262,0.0106496272630458,-0.0236625514403292,64926
2014-11-30,"Macon, GA","GA",186,941,0.00749464668094218,0.019501625135428,0.0306681270536692,56795
2014-11-30,"Champaign-Urbana, IL","IL",187,1045,-0.0178571428571429,-0.000956022944550669,-0.0150801131008483,61207
2014-11-30,"College Station, TX","TX",188,1402,0.0241051862673484,0.0462686567164179,0.0346863468634686,46002
2014-11-30,"Sioux Falls, SD","SD",189,1141,-0.0121212121212121,-0.0297619047619048,-0.0264505119453925,49179
2014-11-30,"Appleton, WI","WI",190,1016,0.00793650793650794,-0.0164569215876089,0.00395256916996047,60415
2014-11-30,"Chico, CA","CA",191,1235,0.0048820179007323,0.018976897689769,0.018976897689769,55667
2014-11-30,"Tuscaloosa, AL","AL",192,1048,0.00769230769230769,0.0194552529182879,0.00383141762452107,91022
2014-11-30,"Prescott, AZ","AZ",193,1288,0.00703674745895231,0.0157728706624606,0.0796311818943839,68356
2014-11-30,"Springfield, IL","IL",194,1104,-0.0315789473684211,-0.0238726790450928,-0.154022988505747,66113
2014-11-30,"Tyler, TX","TX",195,1233,0.00653061224489796,0.0156507413509061,0.0292153589315526,53831
2014-11-30,"Las Cruces, NM","NM",196,964,-0.00515995872033024,-0.00515995872033024,-0.0242914979757085,49642
2014-11-30,"Fargo, ND","ND",197,1255,-0.0233463035019455,-0.00396825396825397,0.19980879541109,37487
2014-11-30,"Houma, LA","LA",198,1305,0,-0.00684931506849315,-0.012112036336109,45528
2014-11-30,"Florence, SC","SC",199,992,0.00915564598168871,0.0354906054279749,0.0387434554973822,68316
2014-11-30,"Medford, OR","OR",200,1204,0.00584795321637427,0.0168918918918919,0.0460469157254561,43549
2014-11-30,"Lafayette, IN","IN",201,993,-0.0197433366238894,-0.0442733397497594,0.0101729399796541,50223
2014-11-30,"Charlottesville, VA","VA",202,1468,0.00273224043715847,0.0117160578911096,0.0265734265734266,59108
2014-11-30,"Bellingham, WA","WA",203,1399,0.0130340333091962,0.0370644922164566,0.0219138056975895,62026
2014-11-30,"Lake Havasu City, AZ","AZ",204,1045,0.0165369649805447,0.0523665659617321,0.0165369649805447,64344
2014-11-30,"Saginaw, MI","MI",205,698,0.0512048192771084,0.0889235569422777,0.0356083086053412,69079
2014-11-30,"Lake Charles, LA","LA",206,1293,0.0253766851704996,0.0838222967309304,0.135206321334504,46962
2014-11-30,"Johnson City, TN","TN",207,992,0,0.0132788559754852,0.160233918128655,68617
2014-11-30,"Elkhart, IN","IN",208,933,-0.0168598524762908,-0.00213903743315508,-0.0106044538706257,50206
2014-11-30,"Seaford, DE","DE",209,1337,0.00300075018754689,0,-0.0183553597650514,49240
2014-11-30,"Yuma, AZ","AZ",210,946,0.00852878464818763,0.0139335476956056,0.0161117078410312,37780
2014-11-30,"Racine, WI","WI",211,1269,-0.0223420647149461,-0.0522778192681105,-0.0290742157612854,36505
2014-11-30,"Bloomington, IN","IN",212,1159,0.0338983050847458,0.0741427247451344,0.0507706255666364,51444
2014-11-30,"Athens, GA","GA",213,1065,0.0133206470028544,0.0123574144486692,0.0220729366602687,51987
2014-11-30,"Torrington, CT","CT",214,1548,0.0164149704530532,-0.00705580500320718,0.0847932725998598,64370
2014-11-30,"Greenville, NC","NC",215,953,0.00953389830508475,0.0347448425624321,0.0542035398230088,51634
2014-11-30,"St. Cloud, MN","MN",216,1186,-0.00503355704697987,0.0162810625535561,0.0961182994454713,54749
2014-11-30,"Anderson, SC","SC",217,988,-0.00202020202020202,0.0356394129979036,0.135632183908046,63477
2014-11-30,"Hilton Head Island, SC","SC",218,1517,0.00530152418820411,0.00264375413086583,0.128720238095238,80129
2014-11-30,"Rochester, MN","MN",219,1266,-0.00627943485086342,0.00635930047694754,0.0377049180327869,61233
2014-11-30,"Kingston, NY","NY",220,1527,-0.039018250471995,-0.0614628149969269,-0.0205259781911482,49523
2014-11-30,"Daphne, AL","AL",221,1274,-0.00778816199376947,-0.0154559505409583,0.0528925619834711,62674
2014-11-30,"Destin, FL","FL",222,1245,-0.00240384615384615,-0.00559105431309904,0.00565428109854604,74826
2014-11-30,"Gainesville, GA","GA",223,1158,0.00433651344319167,0.00783289817232376,0.0122377622377622,51901
2014-11-30,"Jacksonville, NC","NC",224,910,0,0,-0.0172786177105832,49690
2014-11-30,"Redding, CA","CA",225,1248,0.012987012987013,0.0478589420654912,0.0246305418719212,44941
2014-11-30,"Monroe, LA","LA",226,1139,0.0106477373558119,-0.0281569965870307,-0.0289855072463768,46146
2014-11-30,"Joplin, MO","MO",227,792,0.0140845070422535,0.0503978779840849,0.0352941176470588,25988
2014-11-30,"Lebanon, NH","NH",228,1328,-0.0111690245718541,0.00226415094339623,0.102990033222591,42208
2014-11-30,"El Centro, CA","CA",229,1409,-0.0289455547898001,0.0398523985239852,0.0406203840472674,32709
2014-11-30,"Columbia, MO","MO",230,1136,-0.00438212094653812,-0.0155979202772964,-0.0087260034904014,38070
2014-11-30,"Terre Haute, IN","IN",231,808,-0.00123609394313968,-0.00492610837438424,0.0292993630573248,53890
2014-11-30,"Muskegon, MI","MI",232,822,0.0185873605947955,0.0236612702366127,0.130674002751032,58179
2014-11-30,"East Stroudsburg, PA","PA",233,1221,0.00493827160493827,0.00909090909090909,0.0132780082987552,66964
2014-11-30,"Bloomington, IL","IL",234,1207,0.0185654008438819,0.085431654676259,-0.0585023400936037,48123
2014-11-30,"Panama City, FL","FL",235,1199,0.00841042893187553,0.00671704450041982,0.0380952380952381,70818
2014-11-30,"Waterloo, IA","IA",236,922,-0.012847965738758,-0.0649087221095335,-0.11003861003861,55532
2014-11-30,"Oshkosh, WI","WI",237,905,0.0402298850574713,0.125621890547264,-0.103072348860258,30635
2014-11-30,"Yuba City, CA","CA",238,1316,0.00228484386900229,0.0154320987654321,0.0638641875505255,38551
2014-11-30,"Abilene, TX","TX",239,1030,0.0127826941986234,0.033099297893681,0.0456852791878173,45292
2014-11-30,"Blacksburg, VA","VA",240,1159,0.0017286084701815,-0.0161290322580645,-0.00172265288544358,37002
2014-11-30,"Thomasville, NC","NC",241,886,-0.0177383592017738,0.00226244343891403,0.0302325581395349,73285
2014-11-30,"Dover, DE","DE",242,1193,0.00420875420875421,0.00930626057529611,0.0320069204152249,39985
2014-11-30,"Pascagoula, MS","MS",243,1037,-0.0076555023923445,0.00290135396518375,-0.0398148148148148,43717
2014-11-30,"Eau Claire, WI","WI",244,1054,-0.0186219739292365,-0.0158730158730159,0.00190114068441065,43529
2014-11-30,"Janesville, WI","WI",245,967,-0.0528893241919687,-0.090310442144873,-0.0349301397205589,61470
2014-11-30,"Jackson, MI","MI",246,915,0.0246360582306831,0.118581907090465,0.146616541353383,56270
2014-11-30,"Statesville, NC","NC",247,1049,0.0254154447702835,0.0365612648221344,0.035538005923001,81156
2014-11-30,"Pueblo, CO","CO",248,939,0.0217627856365615,0.0456570155902004,0.0239912758996728,52099
2014-11-30,"Billings, MT","MT",249,1254,-0.0039714058776807,0.00480769230769231,0.192015209125475,46228
2014-11-30,"Bend, OR","OR",250,1498,0.00943396226415094,0.0331034482758621,0.173061863743148,51947
2014-11-30,"Albany, GA","GA",251,781,0.0169270833333333,0.0103492884864166,-0.145514223194748,32941
2014-11-30,"Vineland, NJ","NJ",252,1235,0.00243506493506494,0.00734094616639478,-0.0260252365930599,42147
2014-11-30,"Niles, MI","MI",253,948,0.0360655737704918,0.0338058887677208,0.0846681922196796,39639
2014-11-30,"Ottawa, IL","IL",254,1225,-0.000815660685154976,0.0268231349538977,-0.0246815286624204,48762
2014-11-30,"Kahului, HI","HI",255,2375,0.0317115551694179,0.0864592863677951,0.141278231619414,50615
2014-11-30,"State College, PA","PA",256,1354,0.0142322097378277,0.0112023898431665,-0.00733137829912024,28733
2014-11-30,"Bangor, ME","ME",257,1020,0.00294985250737463,-0.0386427898209237,0.0569948186528497,23727
2014-11-30,"Alexandria, LA","LA",258,1108,-0.0142348754448399,-0.0272168568920105,-0.0743525480367586,31299
2014-11-30,"Decatur, AL","AL",259,977,-0.00711382113821138,-0.0141271442986882,0.0516684607104413,42358
2014-11-30,"Hanford, CA","CA",260,1111,-0.00179694519317161,0.00634057971014493,0.023963133640553,26293
2014-11-30,"Iowa City, IA","IA",261,1344,-0.00665188470066519,-0.0124908155767818,0.0402476780185759,46507
2014-11-30,"Rocky Mount, NC","NC",262,708,-0.056,-0.133414932680539,-0.072083879423329,40151
2014-11-30,"Monroe, MI","MI",263,1073,0.0219047619047619,0.0387221684414327,0.0468292682926829,60088
2014-11-30,"Wichita Falls, TX","TX",264,922,0.0165380374862183,0.0513112884834664,0.0336322869955157,41874
2014-11-30,"Burlington, NC","NC",265,891,-0.00335570469798658,0.0171232876712329,0.0865853658536585,46372
2014-11-30,"Madera, CA","CA",266,1161,0.0220070422535211,0.0211081794195251,0.0440647482014388,35347
2014-11-30,"Jefferson City, MO","MO",267,940,0.00966702470461869,0.0295728368017525,0.0432852386237514,33091
2014-11-30,"Chambersburg, PA","PA",268,1131,0.021680216802168,0.0750950570342205,0.108823529411765,37809
2014-11-30,"Pottsville, PA","PA",269,888,-0.00336700336700337,-0.0144284128745838,-0.00782122905027933,50414
2014-11-30,"Florence, AL","AL",270,929,-0.0117021276595745,-0.0262054507337526,0.0368303571428571,45208
2014-11-30,"Grand Junction, CO","CO",271,1177,0.0120378331900258,0.0217013888888889,0.0234782608695652,46590
2014-11-30,"Concord, NH","NH",272,1422,-0.00559440559440559,-0.0286885245901639,-0.0253598355037697,44698
2014-11-30,"Dothan, AL","AL",273,909,0.0111234705228031,0.0484429065743945,0.0508670520231214,31313
2014-11-30,"Santa Fe, NM","NM",274,1451,-0.0102319236016371,-0.0541069100391134,-0.0403439153439153,52570
2014-11-30,"Sioux City, IA","IA",275,874,-0.00114285714285714,-0.0168728908886389,0.0843672456575682,37828
2014-11-30,"Traverse City, MI","MI",276,1078,0.0218009478672986,0.0445736434108527,0.132352941176471,68892
2014-11-30,"Hattiesburg, MS","MS",277,1131,0.00265957446808511,0.0198376916140667,-0.014808362369338,34528
2014-11-30,"Dalton, GA","GA",278,967,-0.00103305785123967,0.0157563025210084,0.0211193241816262,33965
2014-11-30,"Homosassa Springs, FL","FL",279,998,0.0549682875264271,0.136674259681093,0.067379679144385,53759
2014-11-30,"Auburn, AL","AL",280,1230,0.00737100737100737,0.0485933503836317,0.0686359687228497,27063
2014-11-30,"Warner Robins, GA","GA",281,970,0.00831600831600832,0.00831600831600832,0.0264550264550265,42528
2014-11-30,"Valdosta, GA","GA",282,958,0.00419287211740042,-0.00208333333333333,-0.01440329218107,29182
2014-11-30,"Coeur d'Alene, ID","ID",283,1192,-0.000838222967309304,0.00760777683854607,0.0502202643171806,50842
2014-11-30,"Salisbury, NC","NC",284,901,-0.00331858407079646,-0.0227765726681128,0.0112233445566779,32215
2014-11-30,"Springfield, OH","OH",285,726,0.00554016620498615,0.0356633380884451,0.0868263473053892,41684
2014-11-30,"St. George, UT","UT",286,1276,0.014308426073132,0.0191693290734824,0.000784313725490196,46474
2014-11-30,"Vero Beach, FL","FL",287,1303,-0.0188253012048193,-0.0239700374531835,0.0584890333062551,58660
2014-11-30,"Odessa, TX","TX",288,1180,0.0332749562171629,0.0845588235294118,0.0545129579982127,32874
2014-11-30,"Morristown, TN","TN",289,936,0.00753498385360603,0.0184983677910773,0.00970873786407767,50383
2014-11-30,"Napa, CA","CA",290,2360,-0.00126957257723233,-0.0219643597181931,0.0870566559189314,29762
2014-11-30,"Tupelo, MS","MS",291,1096,-0.0152740341419587,-0.0385964912280702,0.00827966881324747,28905
2014-11-30,"Battle Creek, MI","MI",292,946,0.0305010893246187,0.0689265536723164,0.146666666666667,36063
2014-11-30,"Jamestown, NY","NY",293,1397,-0.0318780318780319,-0.0318780318780319,-0.0182712579058327,37009
2014-11-30,"Eureka, CA","CA",294,1504,-0.000664451827242525,0.0336769759450172,0.0666666666666667,28577
2014-11-30,"Flagstaff, AZ","AZ",295,1543,0.0111402359108781,0.0510899182561308,0.0104780615586117,32887
2014-11-30,"Lumberton, NC","NC",296,806,-0.00370828182941904,0.00124223602484472,0.0151133501259446,15074
2014-11-30,"Wausau, WI","WI",297,978,-0.0364532019704433,-0.033596837944664,0.0404255319148936,46739
2014-11-30,"La Crosse, WI","WI",298,1076,0.0150943396226415,0.0257387988560534,0.0466926070038911,23815
2014-11-30,"Lebanon, PA","PA",299,1194,-0.00417014178482068,0.00251889168765743,0.0257731958762887,34834
2014-11-30,"Anderson, IN","IN",300,788,0,-0.012531328320802,-0.0413625304136253,47864
2014-11-30,"Sierra Vista, AZ","AZ",301,918,-0.0107758620689655,-0.00108813928182807,0.0503432494279176,33250
2014-11-30,"Idaho Falls, ID","ID",302,963,0.0277481323372465,0.0559210526315789,0.115874855156431,36932
2014-11-30,"Farmington, NM","NM",303,1293,0.00700934579439252,0.0598360655737705,0.160682226211849,22653
2014-11-30,"Morgantown, WV","WV",304,1096,-0.0326566637246249,-0.0703986429177269,-0.0766638584667228,45443
2014-11-30,"Glens Falls, NY","NY",305,1726,0.0111306385471588,0.0105386416861827,-0.023203169213356,38962
2014-11-30,"Winchester, VA","VA",306,1337,0.00981873111782477,0.0268817204301075,0.02217125382263,38736
2014-11-30,"St. Joseph, MO","MO",307,852,-0.0240549828178694,-0.0127462340672074,0.0531520395550062,28196
2014-11-30,"Altoona, PA","PA",308,1090,0.00832562442183164,0.0158434296365331,0.0889110889110889,20832
2014-11-30,"Manhattan, KS","KS",309,1270,-0.00392156862745098,0.00474683544303797,0.0168134507606085,26441
2014-11-30,"New Bern, NC","NC",310,1039,-0.0160984848484848,-0.036178107606679,0.00775945683802134,34046
2014-11-30,"Rapid City, SD","SD",311,1296,-0.0211480362537764,0.0293884034948372,0.224952741020794,20156
2014-11-30,"Bowling Green, KY","KY",312,1042,0,0.0185728250244379,0.063265306122449,26286
2014-11-30,"Logan, ID","ID",313,928,-0.00107642626480086,0.0197802197802198,-0.0569105691056911,2814
2014-11-30,"Harrisonburg, VA","VA",314,1065,-0.0388086642599278,-0.0795159896283492,-0.132029339853301,26555
2014-11-30,"Salisbury, MD","MD",315,1225,-0.00809716599190283,-0.0136876006441224,0.0149130074565037,48305
2014-11-30,"Mansfield, OH","OH",316,848,0.0871794871794872,0.0885750962772786,0.013142174432497,38179
2014-11-30,"Weirton, OH","OH",317,744,-0.00932090545938748,-0.0106382978723404,0.00134589502018843,31378
2014-11-30,"Lawton, OK","OK",318,715,0,0,0.00421348314606742,33813
2014-11-30,"Goldsboro, NC","NC",319,901,0.0100896860986547,0.0404157043879908,0.0713436385255648,7450
2014-11-30,"Augusta, ME","ME",320,970,-0.00102986611740474,0.00103199174406605,0.0741971207087486,24361
2014-11-30,"Hammond, LA","LA",321,1193,-0.0245298446443173,-0.0816012317167052,-0.0694227769110764,26925
2014-11-30,"Jonesboro, AR","AR",322,940,0.0295728368017525,0.0609480812641084,0.0621468926553672,34037
2014-11-30,"Sherman, TX","TX",323,1123,0.016289592760181,0.0302752293577982,-0.0293863439930856,38957
2014-11-30,"Elizabethtown, KY","KY",324,993,-0.00201005025125628,0.00812182741116751,0.00404448938321537,25744
2014-11-30,"Anniston, AL","AL",325,785,-0.0100882723833544,-0.0356265356265356,-0.0461725394896719,36727
2014-11-30,"Staunton, VA","VA",326,1250,0.00563153660498793,0.0229132569558101,0.0137875101378751,36268
2014-11-30,"Willimantic, CT","CT",327,1380,-0.0163934426229508,-0.0205819730305181,0.0199556541019956,31240
2014-11-30,"Muncie, IN","IN",328,788,-0.0112923462986198,-0.0259579728059332,0.0409511228533686,37422
2014-11-30,"Mount Vernon, WA","WA",329,1290,0.014948859166011,0.032826261008807,0.0496338486574451,46344
2014-11-30,"Albany, OR","OR",330,1063,0.0172248803827751,0.0290416263310745,0.0556107249255213,27135
2014-11-30,"Watertown, NY","NY",331,1388,0.0146198830409357,0.0467571644042232,0.101587301587302,24210
2014-11-30,"Williamsport, PA","PA",332,1105,-0.0340909090909091,-0.0571672354948805,-0.032399299474606,29336
2014-11-30,"Cleveland, TN","TN",333,1049,0.00575263662511985,0.00478927203065134,0.00768491834774256,35479
2014-11-30,"Sheboygan, WI","WI",334,983,0.00306122448979592,-0.038160469667319,-0.0566218809980806,35504
2014-11-30,"Victoria, TX","TX",335,1335,0.0037593984962406,0.0206422018348624,0.0783521809369952,25002
2014-11-30,"Owensboro, KY","KY",336,890,0.00225225225225225,0.0159817351598174,0.0348837209302326,26423
2014-11-30,"Dunn, NC","NC",337,1044,-0.0113636363636364,-0.0333333333333333,-0.0560578661844485,18294
2014-11-30,"Wooster, OH","OH",338,1136,-0.00438212094653812,0,0.0460405156537753,29919
2014-11-30,"Kankakee, IL","IL",339,1356,-0.0138181818181818,-0.038979447200567,-0.0362473347547974,33068
2014-11-30,"Brunswick, GA","GA",340,1156,0.0087260034904014,0.0284697508896797,0.0257320319432121,32328
2014-11-30,"Ogdensburg, NY","NY",341,1385,0.00289645184648805,0.000722543352601156,0.0236511456023651,19291
2014-11-30,"San Angelo, TX","TX",342,1168,0.00343642611683849,0.00950734658599827,0.0503597122302158,28450
2014-11-30,"Michigan City, IN","IN",343,1074,0.00280112044817927,0.0141643059490085,0.0209125475285171,66137
2014-11-30,"Allegan, MI","MI",344,1024,0.0138613861386139,0.0189054726368159,0.0688935281837161,39207
2014-11-30,"Wenatchee, WA","WA",345,1359,-0.0215982721382289,-0.050314465408805,-0.00730460189919649,37719
2014-11-30,"Lawrence, KS","KS",346,1236,-0.0112,-0.0313479623824451,0.0456852791878173,22999
2014-11-30,"Decatur, IL","IL",347,1011,-0.0136585365853659,-0.0426136363636364,-0.166529266281946,40542
2014-11-30,"Missoula, MT","MT",348,1200,0.00671140939597316,0.0204081632653061,0.0291595197255575,33193
2014-11-30,"East Liverpool, OH","OH",349,889,-0.00559284116331096,-0.019845644983462,0.0685096153846154,32016
2014-11-30,"Bay City, MI","MI",350,807,0.0202275600505689,0.0254129606099111,-0.0037037037037037,38946
2014-11-30,"Roseburg, OR","OR",351,853,0.008274231678487,0.0252403846153846,0.0389768574908648,29814
2014-11-30,"Sumter, SC","SC",352,839,0.0157384987893462,0.0157384987893462,-0.115911485774499,47647
2014-11-30,"Meridian, MS","MS",353,961,-0.0173824130879346,-0.035140562248996,-0.111829944547135,27392
2014-11-30,"Show Low, AZ","AZ",354,1158,0.0193661971830986,0.0883458646616541,0.149950347567031,24980
2014-11-30,"Bluefield, WV","WV",355,807,-0.0241837968561064,-0.0594405594405594,-0.175689479060266,25697
2014-11-30,"Danville, VA","VA",356,947,-0.00420609884332282,-0.0145681581685744,0.015005359056806,34962
2014-11-30,"Lima, OH","OH",357,892,0.00337457817772778,0.00337457817772778,0.0494117647058823,32556
2014-11-30,"Cookeville, TN","TN",358,919,-0.0171122994652406,-0.0346638655462185,0.0875739644970414,38513
2014-11-30,"Lexington Park, MD","MD",359,1647,0.00549450549450549,0.0135384615384615,-0.0143626570915619,33756
2014-11-30,"Gadsden, AL","AL",360,879,0.00228050171037628,0.013840830449827,0.0316901408450704,29004
2014-11-30,"Cumberland, MD","MD",361,1146,-0.00779220779220779,-0.0213492741246798,-0.0410041841004184,34067
2014-11-30,"Longview, WA","WA",362,1199,0.0221653878942881,0.0959780621572212,0.0508326029798422,29176
2014-11-30,"Whitewater, WI","WI",363,1263,-0.00551181102362205,-0.000791139240506329,-0.00629425649095201,53762
2014-11-30,"Fond du Lac, WI","WI",364,1016,0.00296150049358342,-0.0107108081791626,0.0388548057259714,36662
2014-11-30,"Ithaca, NY","NY",365,1672,0.0182704019488429,0.0495919648462021,0.0436953807740325,16857
2014-11-30,"Ashtabula, OH","OH",366,945,0.00531914893617021,0.0227272727272727,0.117021276595745,28071
2014-11-30,"Gettysburg, PA","PA",367,1237,0.00243111831442464,0.000809061488673139,0.0342809364548495,41274
2014-11-30,"Pine Bluff, AR","AR",368,763,-0.0103761348897536,-0.00909090909090909,-0.0205391527599487,20763
2014-11-30,"Tullahoma, TN","TN",369,1010,0.01,0.0212335692618807,0.0553814002089864,34424
2014-11-30,"Enterprise, AL","AL",370,888,-0.0155210643015521,-0.0316248636859324,-0.0358306188925081,28417
2014-11-30,"Richmond, KY","KY",371,995,0,0.0030241935483871,0.0440713536201469,15390
2014-11-30,"Adrian, MI","MI",372,989,0.0291363163371488,0.0454545454545455,0.14203233256351,43498
2014-11-30,"Twin Falls, ID","ID",373,967,0.00729166666666667,0.0331196581196581,0.0221987315010571,26065
2014-11-30,"Corning, NY","NY",374,1457,0,0.0125086865879083,0.0311394196744515,20300
2014-11-30,"Truckee, CA","CA",375,1641,0.0117139334155364,0.0372945638432364,0.0372945638432364,40220
2014-11-30,"Paducah, KY","KY",376,1005,0.0276073619631902,0.0612460401267159,0.0668789808917197,16771
2014-11-30,"Kokomo, IN","IN",377,862,-0.0171037628278221,-0.0137299771167048,0.0141176470588235,33961
2014-11-30,"Grand Forks, ND","ND",378,1224,-0.00163132137030995,-0.000816326530612245,0.0542635658914729,12441
2014-11-30,"Shelby, NC","NC",379,906,0.00332225913621262,0.0122905027932961,-0.0033003300330033,27038
2014-11-30,"Fairbanks, AK","AK",380,1699,-0.00990675990675991,-0.0196191575302943,-0.0487122060470325,15552
2014-11-30,"Ocean City, NJ","NJ",381,1647,-0.0208085612366231,0.0122925629993854,0.00610873549175321,86354
2014-11-30,"Mankato, MN","MN",382,1316,0.000760456273764259,0.010752688172043,0.04527402700556,18377
2014-11-30,"Rome, GA","GA",383,950,0.0171306209850107,0.043956043956044,0.00849256900212314,22508
2014-11-30,"Cape Girardeau, MO","MO",384,906,0.0318906605922551,0.091566265060241,0.0486111111111111,10194
2014-11-30,"Hot Springs, AR","AR",385,1010,0.0369609856262834,0.0907127429805616,0.01,26364
2014-11-30,"Palm Coast, FL","FL",386,1291,-0.000773993808049536,0.00859375,0.052159739201304,41841
2014-11-30,"Sunbury, PA","PA",387,1029,-0.00962463907603465,-0.0162523900573614,-0.00290697674418605,37971
2014-11-30,"Clarksburg, WV","WV",388,986,0.0123203285420945,-0.0295275590551181,-0.119642857142857,30701
2014-11-30,"Dubuque, IA","IA",389,1092,0.00645161290322581,0,-0.0284697508896797,31958
2014-11-30,"Albertville, AL","AL",390,897,0.00786516853932584,0.0147058823529412,0.0577830188679245,31960
2014-11-30,"New Philadelphia, OH","OH",391,980,-0.00101936799184506,-0.0101010101010101,0.0447761194029851,27668
2014-11-30,"Orangeburg, SC","SC",392,893,-0.0121681415929204,-0.0530222693531283,-0.097979797979798,21029
2014-11-30,"Cheyenne, WY","WY",393,1295,-0.0152091254752852,0.0519902518277823,0.0623461853978671,27007
2014-11-30,"New Castle, PA","PA",394,960,-0.00518134715025907,-0.0184049079754601,-0.111933395004625,33414
2014-11-30,"Brainerd, MN","MN",395,1260,-0.0403655750190404,-0.053343350864012,0.0404624277456647,40236
2014-11-30,"Kalispell, MT","MT",396,996,0.0236382322713258,0.0721205597416577,-0.0700280112044818,15643
2014-11-30,"Pocatello, ID","ID",397,919,-0.00217155266015201,-0.00862998921251348,-0.00108695652173913,19940
2014-11-30,"Sevierville, TN","TN",398,1110,0.00361663652802893,-0.0124555160142349,0.0230414746543779,45282
2014-11-30,"Ames, IA","IA",399,1113,-0.0193832599118943,-0.0479041916167665,-0.0470890410958904,25349
2014-11-30,"Bozeman, MT","MT",400,1322,-0.00151057401812689,-0.0536864710093057,0.0037965072133637,21623
2014-11-30,"Moses Lake, WA","WA",401,1073,-0.00556070435588508,0.0267942583732057,0.073,22467
2014-11-30,"Indiana, PA","PA",402,1361,0.0716535433070866,0.161262798634812,0.294957183634634,22738
2014-11-30,"Elmira, NY","NY",403,1408,0.00213523131672598,0.0129496402877698,0.0383480825958702,23656
2014-11-30,"Meadville, PA","PA",404,1097,-0.0036330608537693,-0.0081374321880651,-0.0671768707482993,20418
2014-11-30,"Beaver Dam, WI","WI",405,1080,0.010289990645463,0.00371747211895911,0.062992125984252,29099
2014-11-30,"Southern Pines, NC","NC",406,1396,0.0137981118373275,0.0488354620586026,0.0279823269513991,20069
2014-11-30,"Ukiah, CA","CA",407,1663,-0.00180072028811525,0.00910194174757281,0.115358819584172,19154
2014-11-30,"Pendleton, OR","OR",408,1134,-0.0139130434782609,-0.00700525394045534,0.024390243902439,18488
2014-11-30,"Zanesville, OH","OH",409,896,0.00561167227833894,-0.00665188470066519,0.0181818181818182,26841
2014-11-30,"Corvallis, OR","OR",410,1456,0.00552486187845304,-0.000686341798215511,-0.0201884253028264,21298
2014-11-30,"Bloomsburg, PA","PA",411,1160,0.0104529616724739,0.00781928757602085,0.045045045045045,22872
2014-11-30,"Laurel, MS","MS",412,1023,0.00491159135559921,0.0260782347041123,0.0557275541795666,16171
2014-11-30,"Russellville, AR","AR",413,870,-0.00343642611683849,-0.00911161731207289,0.00346020761245675,21724
2014-11-30,"Watertown, WI","WI",414,1230,-0.0024330900243309,0.00162866449511401,0.0494880546075085,28370
2014-11-30,"Midland, MI","MI",415,926,0.0369540873460246,0.0534698521046644,0.0277469478357381,26157
2014-11-30,"Opelousas, LA","LA",416,1246,-0.0016025641025641,0.00646203554119548,0.0348837209302326,14758
2014-11-30,"Grants Pass, OR","OR",417,1107,0.0118829981718464,0.0288104089219331,0.099304865938431,26433
2014-11-30,"Talladega, AL","AL",418,948,-0.0135275754422477,-0.00836820083682008,0.0846681922196796,17325
2014-11-30,"Plattsburgh, NY","NY",419,1712,0.00765155974102413,0.00469483568075117,-0.0338600451467269,19207
2014-11-30,"DuBois, PA","PA",420,1067,-0.0138632162661738,-0.0174953959484346,0.00850661625708885,20484
2014-11-30,"Danville, IL","IL",421,1169,-0.00679694137638063,-0.0176470588235294,-0.0441537203597711,23782
2014-11-30,"Manitowoc, WI","WI",422,889,-0.00224466891133558,-0.046137339055794,-0.0797101449275362,31846
2014-11-30,"Great Falls, MT","MT",423,1050,0.00478468899521531,0.0595358224016145,-0.000951474785918173,25722
2014-11-30,"Wilson, NC","NC",424,1036,0,0.0237154150197628,0.127312295973885,13750
2014-11-30,"Columbia, TN","TN",425,1003,-0.0127952755905512,-0.0157016683022571,0.0524658971668416,35694
2014-11-30,"Cullman, AL","AL",426,971,-0.0122075279755849,-0.0142131979695431,0.0329787234042553,25513
2014-11-30,"Olean, NY","NY",427,1432,0.00280112044817927,0.0163236337828247,0.0294751976994968,22313
2014-11-30,"Auburn, NY","NY",428,1462,0.00481099656357388,0.0195258019525802,0.0346779900920028,19297
2014-11-30,"Portsmouth, OH","OH",429,847,-0.00117924528301887,-0.0196759259259259,0.0405405405405405,15863
2014-11-30,"Beckley, WV","WV",430,893,0.0264367816091954,-0.0154355016538037,-0.0479744136460554,24761
2014-11-30,"Athens, TX","TX",431,1277,0.00630417651694247,-0.0176923076923077,0.0216,15306
2014-11-30,"Oak Harbor, WA","WA",432,1316,0.00228484386900229,-0.00679245283018868,0.0130869899923018,33183
2014-11-30,"Lincolnton, NC","NC",433,1124,-0.00266193433895297,0.00357142857142857,0.0062667860340197,5259
2014-11-30,"Chillicothe, OH","OH",434,926,-0.0021551724137931,-0.00537056928034372,0.0266075388026608,17103
2014-11-30,"Hinesville, GA","GA",435,1092,0.0018348623853211,0.00831024930747922,0.0380228136882129,12146
2014-11-30,"Somerset, PA","PA",436,1048,0.00866217516843118,0.0553877139979859,0.0950888192267503,16062
2014-11-30,"Warsaw, IN","IN",437,1137,0.0070859167404783,0.026173285198556,0.0106666666666667,25792
2014-11-30,"Stillwater, OK","OK",438,1186,0.0119453924914676,0.0367132867132867,0.0421792618629174,13018
2014-11-30,"Quincy, IL","IL",439,1176,0.00857632933104631,0.0129198966408269,-0.0960799385088393,20829
2014-11-30,"Keene, NH","NH",440,1359,-0.00220264317180617,0.0029520295202952,-0.0516399162595953,16237
2014-11-30,"Sandusky, OH","OH",441,1122,-0.00177935943060498,-0.00177935943060498,0.0408163265306122,27986
2014-11-30,"Searcy, AR","AR",442,898,0.00672645739910314,0.00672645739910314,0.0158371040723982,21646
2014-11-30,"Columbus, IN","IN",443,1121,0.0144796380090498,0.0303308823529412,0.00809352517985612,25982
2014-11-30,"Lancaster, SC","SC",444,1102,0.0110091743119266,0.0147329650092081,0.00364298724954463,25410
2014-11-30,"Centralia, WA","WA",445,1016,-0.0164569215876089,-0.0202507232401157,0.0728616684266103,22692
2014-11-30,"Casper, WY","WY",446,1357,0.00967261904761905,0.0511231603408211,0.0233785822021116,23100
2014-11-30,"Helena, MT","MT",447,903,-0.00769230769230769,-0.0776302349336057,-0.166974169741697,6718
2014-11-30,"Findlay, OH","OH",448,1105,0.00454545454545455,0.0063752276867031,0.0854616895874263,24673
2014-11-30,"Marshfield, WI","WI",449,941,-0.00842992623814542,0.00534188034188034,0.0295404814004376,21987
2014-11-30,"Palatka, FL","FL",450,961,0.00628272251308901,-0.057843137254902,-0.0687984496124031,16562
2014-11-30,"Mount Airy, NC","NC",451,959,0.0148148148148148,0.025668449197861,0.0322927879440258,10991
2014-11-30,"New Iberia, LA","LA",452,1210,0.0289115646258503,0.035958904109589,0.0784313725490196,16270
2014-11-30,"Key West, FL","FL",453,2802,-0.0314552367784307,-0.0209643605870021,0.0331858407079646,35601
2014-11-30,"Aberdeen, WA","WA",454,873,0.0046029919447641,0.0518072289156627,0.043010752688172,25522
2014-11-30,"Grand Island, NE","NE",455,1113,-0.000897666068222621,0.0173674588665448,0.12994923857868,16753
2014-11-30,"Gallup, NM","NM",456,991,-0.0461982675649663,-0.0720973782771536,-0.0933211344922232,3118
2014-11-30,"Port Angeles, WA","WA",457,1242,-0.00956937799043062,-0.00719424460431655,-0.00798722044728434,24000
2014-11-30,"Fort Payne, AL","AL",458,885,0.00568181818181818,0.0125858123569794,0.0350877192982456,15272
2014-11-30,"Muskogee, OK","OK",459,745,-0.0223097112860892,-0.0485312899106003,-0.0349740932642487,31756
2014-11-30,"Frankfort, KY","KY",460,995,0,0.00100603621730382,0.00100603621730382,19710
2014-11-30,"Owosso, MI","MI",461,863,0.0225118483412322,0.0410132689987937,0.0654320987654321,23522
2014-11-30,"Galesburg, IL","IL",462,1067,0.0450538687561215,0.0977366255144033,-0.0291173794358508,25111
2014-11-30,"Mount Pleasant, MI","MI",463,923,0.0120614035087719,0.0120614035087719,0.0807962529274005,17047
2014-11-30,"Statesboro, GA","GA",464,1040,0.0186092066601371,-0.033457249070632,-0.00287631831255992,13594
2014-11-30,"Marion, IN","IN",465,752,-0.00660501981505945,-0.0144167758846658,0.0162162162162162,22341
2014-11-30,"Shawnee, OK","OK",466,870,0.00578034682080925,0.0128055878928987,0.0807453416149068,23237
2014-11-30,"North Wilkesboro, NC","NC",467,1001,-0.02909796314258,-0.0618556701030928,-0.0176643768400393,16803
2014-11-30,"Richmond, IN","IN",468,811,-0.00368550368550369,-0.00855745721271394,0.0226986128625473,22094
2014-11-30,"Greeneville, TN","TN",469,841,-0.00708382526564345,-0.00118764845605701,0.0181598062953995,37564
2014-11-30,"Martinsville, VA","VA",470,979,0.00102249488752556,-0.0131048387096774,0.0414893617021277,21174
2014-11-30,"Huntsville, TX","TX",471,1348,-0.0131771595900439,-0.0160583941605839,0.104918032786885,6841
2014-11-30,"Forest City, NC","NC",472,902,-0.00331491712707182,0.0123456790123457,-0.00441501103752759,41874
2014-11-30,"Lake City, FL","FL",473,1119,0.00268817204301075,0.0017905102954342,0.0256645279560037,12953
2014-11-30,"Kapaa, HI","HI",474,1975,-0.0139790314528208,-0.0398638794360719,-0.054571565342269,25923
2014-11-30,"Marquette, MI","MI",475,892,0.0159453302961276,0.0159453302961276,0.0457209847596717,23791
2014-11-30,"LaGrange, GA","GA",476,848,-0.0185185185185185,-0.0162412993039443,0.06,3078
2014-11-30,"Marion, OH","OH",477,829,0.00851581508515815,0.0036319612590799,0.0234567901234568,19763
2014-11-30,"Morehead City, NC","NC",478,1162,0.00955690703735882,-0.000859845227858985,0.0328888888888889,26847
2014-11-30,"Klamath Falls, OR","OR",479,832,0.0121654501216545,0.0246305418719212,0.0109356014580802,21367
2014-11-30,"Marion, IL","IL",480,1161,0.0211081794195251,0.0506787330316742,-0.0637096774193548,22301
2014-11-30,"Marinette, WI","WI",481,853,0.00946745562130178,0.00117370892018779,-0.0184119677790564,26199
2014-11-30,"Roswell, NM","NM",482,955,-0.0255102040816327,-0.0294715447154472,-0.123048668503214,13344
2014-11-30,"Marshall, TX","TX",483,1236,0.00733496332518337,0.0164473684210526,0.0947741364038973,17927
2014-11-30,"Farmington, MO","MO",484,857,0.0275779376498801,0.0362756952841596,0.0300480769230769,17053
2014-11-30,"Charleston, IL","IL",485,1218,0.0269814502529511,0.033955857385399,-0.0185334407735697,19048
2014-11-30,"Athens, OH","OH",486,1234,-0.00724054706355591,0.0148026315789474,0.0249169435215947,8240
2014-11-30,"Hobbs, NM","NM",487,1024,-0.00389105058365759,-0.000975609756097561,-0.000975609756097561,23383
2014-11-30,"Clearlake, CA","CA",488,1180,-0.0390879478827362,-0.0930053804765565,0.0102739726027397,20469
2014-11-30,"Nacogdoches, TX","TX",489,1244,0.0230263157894737,0.0383973288814691,0.0471380471380471,13261
2014-11-30,"Hutchinson, KS","KS",490,810,-0.0121951219512195,-0.0133982947624848,0.0240202275600506,20686
2014-11-30,"Faribault, MN","MN",491,1317,0.00304645849200305,0.00919540229885057,0.0698619008935824,33302
2014-11-30,"Elizabeth City, NC","NC",492,1099,0.00365296803652968,0.00457038391224863,-0.0231111111111111,16899
2014-11-30,"Alamogordo, NM","NM",493,938,-0.0218978102189781,-0.0486815415821501,-0.0629370629370629,11820
2014-11-30,"Red Bluff, CA","CA",494,1008,-0.0117647058823529,0.0181818181818182,0.0532915360501567,10537
2014-11-30,"Hudson, NY","NY",495,1809,0.00221606648199446,-0.0247978436657682,-0.0125545851528384,18187
2014-11-30,"Somerset, KY","KY",496,948,-0.0356052899287894,-0.0501002004008016,0.104895104895105,15002
2014-11-30,"Coos Bay, OR","OR",497,1010,0.0120240480961924,0.0412371134020618,0.0942578548212351,19091
2014-11-30,"Ruston, LA","LA",498,1355,-0.0145454545454545,-0.0202458423716558,0.0998376623376623,10532
2014-11-30,"Sayre, PA","PA",499,1250,-0.0149724192277384,-0.0458015267175572,0.0416666666666667,18363
2014-11-30,"Oneonta, NY","NY",500,1509,0.0013271400132714,0.0209742895805142,0.0371134020618557,15371
2014-11-30,"Baraboo, WI","WI",501,1144,-0.0154905335628227,-0.0238907849829352,-0.0103806228373702,15305
2014-11-30,"Crowley, LA","LA",502,1234,-0.00161812297734628,-0.00883534136546185,-0.00403551251008878,11621
2014-11-30,"Salina, KS","KS",503,969,0.00518672199170124,0.0308510638297872,0.0521172638436482,19259
2014-11-30,"Sturgis, MI","MI",504,948,0.0463576158940397,0.104895104895105,0.139423076923077,22058
2014-11-30,"Rio Grande City, TX","TX",505,1091,0.0148837209302326,0.00552995391705069,0.0440191387559809,9033
2014-11-30,"Fremont, OH","OH",506,992,-0.00601202404809619,-0.00700700700700701,0.0913091309130913,17206
2014-11-30,"Mount Vernon, OH","OH",507,1099,-0.00632911392405063,-0.00362647325475975,0.0536912751677852,12867
2014-11-30,"Lewiston, ID","ID",508,1049,0.00382775119617225,0.0204280155642023,0.0154888673765731,17491
2014-11-30,"Shelton, WA","WA",509,1107,0.0137362637362637,0.0307262569832402,0.0307262569832402,17890
2014-11-30,"Albemarle, NC","NC",510,946,0.00105820105820106,-0.00525762355415352,-0.00105596620908131,20860
2014-11-30,"Enid, OK","OK",511,1030,-0.000969932104752667,0.00389863547758285,0.0980810234541578,16185
2014-11-30,"Carbondale, IL","IL",512,1119,0.011754068716094,0.0418994413407821,-0.0394849785407725,10680
2014-11-30,"Georgetown, SC","SC",513,1266,0.00476190476190476,0,0.0201450443190975,25283
2014-11-30,"Laconia, NH","NH",514,1249,0.0154471544715447,0.0566835871404399,0.0154471544715447,30259
2014-11-30,"Batavia, NY","NY",515,1457,0.00621546961325967,0.0203081232492997,0.0188811188811189,14840
2014-11-30,"Columbus, MS","MS",516,1093,0.0129749768303985,0.0370018975332068,-0.0284444444444444,12501
2014-11-30,"Granbury, TX","TX",517,1445,-0.00482093663911846,0.024822695035461,0.024822695035461,16565
2014-11-30,"Edwards, CO","CO",518,2261,0.00667853962600178,0.0491879350348028,0.107790298873101,30113
2014-11-30,"Kinston, NC","NC",519,890,0.00112485939257593,0.0136674259681093,0.0194730813287514,10151
2014-11-30,"London, KY","KY",520,905,-0.0289699570815451,-0.0493697478991597,-0.0044004400440044,10857
2014-11-30,"Walla Walla, WA","WA",521,1278,0.00392772977219167,0.0167064439140811,0.0821337849280271,11498
2014-11-30,"Sterling, IL","IL",522,1139,-0.00175284837861525,0.0079646017699115,-0.0784789644012945,21230
2014-11-30,"Palestine, TX","TX",523,1166,-0.00511945392491468,0.00171821305841924,0.0806302131603336,7810
2014-11-30,"Dublin, GA","GA",524,913,-0.00327510917030568,-0.00218579234972678,0.0351473922902494,12458
2014-11-30,"Abbeville, LA","LA",525,1325,0.00990853658536585,0.03515625,0.0869565217391304,16116
2014-11-30,"Sanford, NC","NC",526,948,0.00851063829787234,0.00851063829787234,0.00851063829787234,15393
2014-11-30,"Fergus Falls, MN","MN",527,1257,-0.0172009382329945,-0.0375191424196018,0.0056,27880
2014-11-30,"Ardmore, OK","OK",528,899,0.0123873873873874,0.0333333333333333,0.0831325301204819,23170
2014-11-30,"Tiffin, OH","OH",529,904,-0.0022075055187638,-0.0141766630316249,0.0736342042755344,15150
2014-11-30,"Fairmont, WV","WV",530,954,0.0116648992576882,0.0236051502145923,-0.0103734439834025,18822
2014-11-30,"Crossville, TN","TN",531,849,-0.0184971098265896,-0.0104895104895105,0.0665829145728643,61885
2014-11-30,"Picayune, MS","MS",532,1117,-0.00799289520426288,-0.0123784261715296,0.0400372439478585,6656
2014-11-30,"Gloversville, NY","NY",533,1475,0.00408441116405718,0.0179434092477571,0.0293091416608514,14911
2014-11-30,"Phoenix Lake, CA","CA",534,1314,0.00305343511450382,0.00612557427258806,0.00921658986175115,19360
2014-11-30,"Gaffney, SC","SC",535,845,0,-0.0320733104238259,-0.145601617795753,3348
2014-11-30,"Carson City, NV","NV",536,1157,0.0131348511383538,0.0311942959001783,0.0683287165281625,13747
2014-11-30,"Calhoun, GA","GA",537,933,0.0130293159609121,0.0424581005586592,0.0343680709534368,13623
2014-11-30,"Milledgeville, GA","GA",538,1015,-0.00975609756097561,-0.0202702702702703,0.00894632206759443,8584
2014-11-30,"Waycross, GA","GA",539,921,-0.00539956803455724,-0.0170757737459979,0.0279017857142857,11376
2014-11-30,"Oil City, PA","PA",540,958,-0.00622406639004149,-0.0164271047227926,0.0148305084745763,13327
2014-11-30,"Jasper, IN","IN",541,1017,0.010934393638171,0.010934393638171,0.015984015984016,19294
2014-11-30,"Eagle Pass, TX","TX",542,1069,-0.00372786579683131,0.00659133709981168,0.120545073375262,11004
2014-11-30,"Harriman, TN","TN",543,1043,0.00481695568400771,0.00288461538461538,0.0255653883972468,16858
2014-11-30,"Muscatine, IA","IA",544,1074,0.00656044985941893,0.0326923076923077,0.135306553911205,13126
2014-11-30,"Ontario, OR","OR",545,969,-0.00818833162743091,0.0104275286757039,0.0601750547045952,13355
2014-11-30,"Carlsbad, NM","NM",546,1013,-0.00295275590551181,0.00595829195630586,-0.049718574108818,11141
2014-11-30,"Payson, AZ","AZ",547,1087,-0.000919117647058823,0.00834879406307978,0.113729508196721,18456
2014-11-30,"McComb, MS","MS",548,950,0.0138740661686233,0.00316789862724393,0.00742311770943796,6970
2014-11-30,"Rochelle, IL","IL",549,1319,-0.00677710843373494,0.00456968773800457,-0.0258493353028065,16332
2014-11-30,"Scottsboro, AL","AL",550,976,-0.0200803212851406,-0.024,0.00722394220846233,1522
2014-11-30,"Danville, KY","KY",551,907,0,0.00331858407079646,0.0377574370709382,12598
2014-11-30,"Alexander City, AL","AL",552,1111,-0.0053715308863026,0.0136861313868613,0.0220791168353266,14296
2014-11-30,"Natchez, MS","MS",553,1071,-0.0183318056828598,-0.0411817367949866,-0.0351351351351351,11399
2014-11-30,"Greenville, OH","OH",554,1015,-0.0116845180136319,-0.0183752417794971,0.0786397449521785,13173
2014-11-30,"Warrensburg, MO","MO",555,1077,0.0227920227920228,0.0673934588701685,0.180921052631579,10180
2014-11-30,"Fort Polk South, LA","LA",556,1260,-0.0133124510571652,-0.0140845070422535,0.0144927536231884,8589
2014-11-30,"Fort Leonard Wood, MO","MO",557,1079,-0.00277264325323475,-0.00185013876040703,-0.0146118721461187,3716
2014-11-30,"Glasgow, KY","KY",558,913,0.00109649122807018,0.00772626931567329,0.056712962962963,10651
2014-11-30,"Athens, TN","TN",559,953,0.00739957716701903,0.0116772823779193,0.0313852813852814,17304
2014-11-30,"Fernley, NV","NV",560,967,0.00207253886010363,0.0010351966873706,0.00624349635796046,13301
2014-11-30,"Mason City, IA","IA",561,978,-0.00911854103343465,-0.022,-0.0101214574898785,21465
2014-11-30,"Malone, NY","NY",562,1471,0.00684462696783025,0.0144827586206897,0.012388162422574,11391
2014-11-30,"Winona, MN","MN",563,1212,0.00664451827242525,0.012531328320802,0.0466321243523316,15861
2014-11-30,"Ocean Pines, MD","MD",564,1501,0.00468540829986613,0.016249153689912,0.016249153689912,53310
2014-11-30,"Platteville, WI","WI",565,1084,0.0037037037037037,0.0245746691871456,0.092741935483871,6193
2014-11-30,"Greenville, MS","MS",566,837,-0.0106382978723404,-0.0118063754427391,0.0120918984280532,13491
2014-11-30,"Boone, NC","NC",567,1242,0.0072992700729927,0.0105777054515867,0.00566801619433198,22601
2014-11-30,"Bartlesville, OK","OK",568,926,0.00108108108108108,0.00981461286804798,0.064367816091954,19954
2014-11-30,"Jacksonville, TX","TX",569,1168,0.000856898029134533,0.00950734658599827,0.0834879406307978,6753
2014-11-30,"Elko, NV","NV",570,1329,0.0060560181680545,0.0581210191082803,0.0920295809367297,6799
2014-11-30,"Rexburg, ID","ID",571,974,-0.00814663951120163,0.023109243697479,0.0350690754516472,12814
2014-11-30,"Douglas, GA","GA",572,921,0.00545851528384279,0.0143171806167401,0.0279017857142857,10518
2014-11-30,"St. Marys, GA","GA",573,1082,-0.00824931255728689,-0.010064043915828,0.0809190809190809,11888
2014-11-30,"Amsterdam, NY","NY",574,1515,-0.00655737704918033,-0.00525279054497702,0.0601819454163751,11063
2014-11-30,"Brigham City, UT","UT",575,1148,0.0123456790123457,0.0532110091743119,-0.0613246116107931,14254
2014-11-30,"Paris, TX","TX",576,1057,-0.00283018867924528,-0.00283018867924528,-0.0102996254681648,13170
2014-11-30,"Humboldt, TN","TN",577,818,-0.0191846522781775,-0.0203592814371257,0.0199501246882793,23933
2014-11-30,"Kerrville, TX","TX",578,1334,-0.00596125186289121,-0.000749063670411985,0.0405616224648986,10036
2014-11-30,"New Castle, IN","IN",579,795,-0.00749063670411985,-0.020935960591133,0.0218508997429306,15897
2014-11-30,"Sidney, OH","OH",580,1077,-0.00645756457564576,-0.00185356811862836,0.0845921450151057,12241
2014-11-30,"Cortland, NY","NY",581,1473,0,0.0137646249139711,0.0454222853087296,10526
2014-11-30,"Clinton, IA","IA",582,1015,-0.00392541707556428,0.00495049504950495,0.0357142857142857,17774
2014-11-30,"Del Rio, TX","TX",583,1126,-0.0114135206321334,-0.012280701754386,0.0703422053231939,8794
2014-11-30,"Vicksburg, MS","MS",584,1102,0.0137994480220791,0.0565675934803452,0.192640692640693,11382
2014-11-30,"Norfolk, NE","NE",585,981,0.0571120689655172,0.181927710843374,0.0283018867924528,11307
2014-11-30,"Washington, NC","NC",586,1113,0.00632911392405063,0.0248618784530387,0.142710472279261,2650
2014-11-30,"Corsicana, TX","TX",587,1136,-0.00525394045534151,0,0.0528266913809083,9191
2014-11-30,"Cadillac, MI","MI",588,848,0.0167865707434053,0.02291917973462,0.0354090354090354,16237
2014-11-30,"Kendallville, IN","IN",589,964,0.00416666666666667,-0.0020703933747412,-0.0193285859613428,13127
2014-11-30,"Nogales, AZ","AZ",590,985,0.00922131147540984,0.0196687370600414,0.0456475583864119,12451
2014-11-30,"Oxford, MS","MS",591,1308,-0.0060790273556231,-0.00984102952308857,0.0765432098765432,8717
2014-11-30,"Mount Vernon, IL","IL",592,1121,0.0341328413284133,0.082046332046332,-0.0218150087260035,12117
2014-11-30,"Bogalusa, LA","LA",593,1247,-0.00319744204636291,0.0138211382113821,-0.00160128102481986,9891
2014-11-30,"Plymouth, IN","IN",594,1091,0.000917431192660551,0.00645756457564576,0.00831792975970425,12466
2014-11-30,"Gardnerville Ranchos, NV","NV",595,1387,0.0124087591240876,0.0236162361623616,0.0381736526946108,18680
2014-11-30,"Tahlequah, OK","OK",596,968,-0.00513874614594039,-0.0232088799192735,0.157894736842105,13554
2014-11-30,"Madisonville, KY","KY",597,870,-0.0246636771300448,-0.0257558790593505,0.0175438596491228,11521
2014-11-30,"Canon City, CO","CO",598,1086,0.00929368029739777,0.0352716873212583,0.0362595419847328,14189
2014-11-30,"Culpeper, VA","VA",599,1379,0.00730460189919649,0.0169616519174041,0.0518688024408848,17486
2014-11-30,"Lewistown, PA","PA",600,1034,-0.0105263157894737,-0.0272812793979304,0.0486815415821501,7647
2014-11-30,"Ponca City, OK","OK",601,835,-0.00119617224880383,0.0121212121212121,0.00481347773766546,13260
2014-11-30,"Blytheville, AR","AR",602,832,-0.0348027842227378,-0.0314318975552969,0.0309789343246592,6964
2014-11-30,"Red Wing, MN","MN",603,1304,-0.00836501901140684,0.000767459708365311,0.025963808025177,15855
2014-11-30,"Cedar City, UT","UT",604,1124,0.0255474452554745,0.136501516683519,0.22707423580786,7969
2014-11-30,"Bedford, IN","IN",605,878,-0.00453514739229025,0,0.052757793764988,14605
2014-11-30,"Gillette, WY","WY",606,1175,-0.024896265560166,0.00945017182130584,-0.0516545601291364,6639
2014-11-30,"Oak Hill, WV","WV",607,865,0.034688995215311,-0.0269966254218223,-0.0302690582959641,15708
2014-11-30,"Wapakoneta, OH","OH",608,1018,0,0.00792079207920792,0.0637408568443051,14020
2014-11-30,"Huntingdon, PA","PA",609,1283,-0.018362662586075,-0.0272934040940106,0.112749349522984,5328
2014-11-30,"Bellefontaine, OH","OH",610,1062,-0.0157553290083411,-0.0202952029520295,0.110878661087866,15098
2014-11-30,"McAlester, OK","OK",611,873,-0.00456100342075257,-0.0102040816326531,0.0543478260869565,13881
2014-11-30,"Safford, AZ","AZ",612,985,0.00922131147540984,0.0249739854318418,0.0683297180043384,7657
2014-11-30,"Blackfoot, ID","ID",613,941,0.00857449088960343,0.0620767494356659,0.0967365967365967,8727
2014-11-30,"Moultrie, GA","GA",614,941,0.00426894343649947,0.019501625135428,0.0172972972972973,8171
2014-11-30,"Henderson, NC","NC",615,878,-0.015695067264574,-0.0330396475770925,-0.00113765642775882,4607
2014-11-30,"Coldwater, MI","MI",616,923,0.0548571428571429,0.100119189511323,0.100119189511323,15586
2014-11-30,"Harrison, AR","AR",617,877,0,-0.00566893424036281,0.00228571428571429,12848
2014-11-30,"Rolla, MO","MO",618,788,0.00127064803049555,0.0677506775067751,0.108298171589311,8309
2014-11-30,"Shelbyville, TN","TN",619,993,0.0101729399796541,0.0226570545829042,0.0620320855614973,13337
2014-11-30,"Duncan, OK","OK",620,810,-0.0157958687727825,-0.0391459074733096,-0.00613496932515337,17795
2014-11-30,"Pullman, WA","WA",621,1218,0.00412201154163232,0.0554592720970537,0.0348343245539507,6746
2014-11-30,"Thomasville, GA","GA",622,942,0.00212765957446809,-0.00317460317460317,-0.0532663316582914,12422
2014-11-30,"Bemidji, MN","MN",623,1238,-0.0174603174603175,-0.0454895913646877,-0.0127591706539075,8050
2014-11-30,"Mount Sterling, KY","KY",624,841,0,0.00960384153661465,0.020631067961165,2713
2014-11-30,"Pahrump, NV","NV",625,1135,0.0124888492417484,0.0206834532374101,0.0280797101449275,6854
2014-11-30,"Menomonie, WI","WI",626,1098,-0.00723327305605787,0.00826446280991736,-0.0291777188328912,12745
2014-11-30,"Selma, AL","AL",627,841,-0.00591016548463357,0.0169286577992745,0.0319018404907975,12249
2014-11-30,"Rock Springs, WY","WY",628,1280,0.00234925606891151,0.0372771474878444,-0.0206579954093343,10560
2014-11-30,"Bucyrus, OH","OH",629,801,-0.00496894409937888,-0.0171779141104294,0.0177890724269377,14436
2014-11-30,"Claremont, NH","NH",630,1292,-0.00920245398773006,-0.0174904942965779,-0.0506980161645849,17535
2014-11-30,"Bradford, PA","PA",631,1037,-0.0142585551330798,-0.0262910798122066,-0.0198487712665406,8133
2014-11-30,"Cornelia, GA","GA",632,988,0.00816326530612245,0.0238341968911917,0.0905077262693157,18555
2014-11-30,"Burley, ID","ID",633,957,-0.0051975051975052,0.0268240343347639,0.102534562211982,11458
2014-11-30,"Fort Madison, IA","IA",634,876,0.0478468899521531,0.020979020979021,-0.0288248337028825,12255
2014-11-30,"Greenwood, MS","MS",635,870,-0.0102389078498294,-0.0268456375838926,-0.043956043956044,8255
2014-11-30,"Big Rapids, MI","MI",636,848,0.0119331742243437,0.0167865707434053,0.0392156862745098,17702
2014-11-30,"Alma, MI","MI",637,797,0.00251572327044025,-0.00375,0.0350649350649351,11018
2014-11-30,"Durant, OK","OK",638,909,0.00110132158590308,0.0145089285714286,0.046029919447641,9920
2014-11-30,"Seymour, IN","IN",639,983,0.0134020618556701,0.0260960334029228,0.0650054171180932,11195
2014-11-30,"Willmar, MN","MN",640,1268,-0.0124610591900312,-0.0253651037663336,-0.0178156467854376,12313
2014-11-30,"Auburn, IN","IN",641,1010,0.00397614314115308,0.0120240480961924,0.0181451612903226,10421
2014-11-30,"Paragould, AR","AR",642,832,-0.00359281437125748,-0.00597371565113501,-0.0303030303030303,12345
2014-11-30,"Wilmington, OH","OH",643,988,0,0.00304568527918782,0.0345549738219895,19446
2014-11-30,"Lawrenceburg, TN","TN",644,896,0.00223713646532438,0.00223713646532438,0.0251716247139588,13218
2014-11-30,"Warren, PA","PA",645,1029,-0.0427906976744186,-0.0559633027522936,0.0157946692991115,11192
2014-11-30,"El Dorado, AR","AR",646,808,-0.00980392156862745,-0.0241545893719807,-0.0380952380952381,8567
2014-11-30,"Mountain Home, AR","AR",647,962,0.0147679324894515,0.0321888412017167,0.0190677966101695,12818
2014-11-30,"Cedartown, GA","GA",648,955,-0.00104602510460251,0.00844772967265047,0.0414394765539804,8935
2014-11-30,"El Campo, TX","TX",649,1229,0.014026402640264,0.0371308016877637,0.0752405949256343,11319
2014-11-30,"Montrose, CO","CO",650,1119,0.00901713255184851,-0.0158311345646438,-0.00356188780053428,11283
2014-11-30,"Minden, LA","LA",651,1184,-0.0358306188925081,-0.0595710881652105,-0.0239076669414674,9588
2014-11-30,"Ellensburg, WA","WA",652,1244,-0.00400320256204964,0.0024174053182917,0.0931458699472759,14030
2014-11-30,"Jacksonville, IL","IL",653,1056,0.0202898550724638,0.0393700787401575,-0.00189035916824197,12560
2014-11-30,"Alice, TX","TX",654,1146,-0.0213492741246798,-0.0536746490503716,0.00614574187884109,5094
2014-11-30,"Celina, OH","OH",655,1114,-0.0210896309314587,-0.0245183887915937,-0.0115350488021295,10513
2014-11-30,"La Follette, TN","TN",656,899,0.00222965440356745,0.00111358574610245,0.0309633027522936,13807
2014-11-30,"Marshalltown, IA","IA",657,997,0.00707070707070707,0.0236139630390144,0.00201005025125628,15845
2014-11-30,"West Plains, MO","MO",658,895,-0.0164835164835165,-0.0448239060832444,0.0455607476635514,8141
2014-11-30,"Tifton, GA","GA",659,1010,0.00297914597815293,0.00497512437810945,0.0222672064777328,7558
2014-11-30,"Urbana, OH","OH",660,1021,-0.0144787644787645,-0.0154291224686596,0.0635416666666667,11067
2014-11-30,"Cambridge, OH","OH",661,952,0.00421940928270042,-0.00833333333333333,0.0336590662323561,7852
2014-11-30,"Okeechobee, FL","FL",662,1203,-0.0016597510373444,0.00333611342785655,0.038860103626943,7306
2014-11-30,"Rockland, ME","ME",663,1268,0.0258899676375405,-0.0139968895800933,0.23828125,11652
2014-11-30,"Selinsgrove, PA","PA",664,1210,-0.00819672131147541,-0.028892455858748,-0.0210355987055016,8564
2014-11-30,"Natchitoches, LA","LA",665,1318,-0.0273062730627306,-0.0531609195402299,0.0611916264090177,6857
2014-11-30,"Centralia, IL","IL",666,1037,0.035964035964036,0.0813347236704901,0.0297914597815293,11861
2014-11-30,"Berlin, NH","NH",667,1107,-0.0124888492417484,-0.0506003430531732,-0.105815831987076,13305
2014-11-30,"Lock Haven, PA","PA",668,983,-0.0726415094339623,-0.1331569664903,-0.186258278145695,8156
2014-11-30,"Austin, MN","MN",669,1138,-0.013009540329575,0.00441306266548985,0.0488479262672811,12134
2014-11-30,"Clewiston, FL","FL",670,1126,0.00535714285714286,0.012589928057554,0.0582706766917293,5883
2014-11-30,"Pittsburg, KS","KS",671,803,-0.01230012300123,-0.01230012300123,0.0374677002583979,12435
2014-11-30,"Defiance, OH","OH",672,918,-0.00970873786407767,-0.0171306209850107,0.0503432494279176,8466
2014-11-30,"Logansport, IN","IN",673,742,-0.00402684563758389,0,0.005420054200542,11820
2014-11-30,"Pontiac, IL","IL",674,1171,-0.0109797297297297,-0.00678541136556404,-0.049512987012987,12653
2014-11-30,"Walterboro, SC","SC",675,1076,-0.0037037037037037,-0.0218181818181818,0.0218423551756885,8629
2014-11-30,"Houghton, MI","MI",676,816,-0.00244498777506112,-0.0168674698795181,0.0099009900990099,16110
2014-11-30,"Union City, TN","TN",677,822,-0.0132052821128451,-0.0120192307692308,0.0223880597014925,17342
2014-11-30,"Sault Ste. Marie, MI","MI",678,863,-0.0023121387283237,-0.0182025028441411,0.0335329341317365,14449
2014-11-30,"Vincennes, IN","IN",679,765,0.00657894736842105,0.0132450331125828,0.0254691689008043,13500
2014-11-30,"Gainesville, TX","TX",680,1196,0.00928270042194093,0.0213492741246798,0.0170068027210884,10218
2014-11-30,"Dyersburg, TN","TN",681,828,-0.018957345971564,-0.028169014084507,0.00242130750605327,16734
2014-11-30,"Crawfordsville, IN","IN",682,1011,-0.000988142292490119,0,0.0476683937823834,15098
2014-11-30,"Brownwood, TX","TX",683,945,0.0205183585313175,0.0282916213275299,0.0511679644048943,10223
2014-11-30,"Fort Dodge, IA","IA",684,821,0.0148331273176761,-0.0464576074332172,0.0353089533417402,12108
2014-11-30,"Hastings, NE","NE",685,1020,-0.00584795321637427,0.00790513833992095,0.0580912863070539,10204
2014-11-30,"Stephenville, TX","TX",686,1237,0.0139344262295082,0.0351464435146444,0.0663793103448276,5239
2014-11-30,"Americus, GA","GA",687,929,0,0.00215749730312837,-0.0010752688172043,5884
2014-11-30,"Easton, MD","MD",688,1770,0.00739897552646557,0.0213502596653203,0.0624249699879952,15902
2014-11-30,"Scottsbluff, NE","NE",689,984,0.0479233226837061,0.171428571428571,0.0456960680127524,8833
2014-11-30,"North Platte, NE","NE",690,1165,0.00171969045571797,0.0355555555555556,0.132167152575316,9009
2014-11-30,"Newberry, SC","SC",691,996,0.0418410041841004,0.0663811563169165,-0.0586011342155009,8698
2014-11-30,"Ada, OK","OK",692,826,-0.00721153846153846,-0.0259433962264151,-0.0190023752969121,10071
2014-11-30,"Moscow, ID","ID",693,1074,-0.0227479526842584,-0.0333033303330333,-0.0137741046831956,8386
2014-11-30,"Murray, KY","KY",694,963,0.0158227848101266,0.0299465240641711,0.0570801317233809,6397
2014-11-30,"Huntington, IN","IN",695,833,-0.00119904076738609,-0.0130331753554502,-0.0211515863689777,11065
2014-11-30,"Escanaba, MI","MI",696,797,-0.00375,-0.0160493827160494,-0.0220858895705521,21245
2014-11-30,"Canton, IL","IL",697,1054,0.0203291384317522,0.0466732869910626,0.0223084384093113,9352
2014-11-30,"Corinth, MS","MS",698,1072,-0.00924214417744917,-0.031616982836495,0.0520117762512267,7369
2014-11-30,"Astoria, OR","OR",699,1359,0.00443458980044346,0.0256603773584906,0.0802861685214626,14879
2014-11-30,"Peru, IN","IN",700,733,-0.00136239782016349,0.0027359781121751,-0.0121293800539084,9284
2014-11-30,"Coshocton, OH","OH",701,875,0.00344036697247706,-0.0124153498871332,0.0233918128654971,7728
2014-11-30,"Monroe, WI","WI",702,1195,0.000837520938023451,0.0135708227311281,0.104436229205176,13598
2014-11-30,"Newton, IA","IA",703,1038,0.0146627565982405,0.0359281437125748,0.0226600985221675,11593
2014-11-30,"Garden City, KS","KS",704,1116,0.0072202166064982,0.0352504638218924,0.129554655870445,7956
2014-11-30,"Bay City, TX","TX",705,1321,0.00532724505327245,0.0216550657385924,0.124255319148936,10986
2014-11-30,"Fremont, NE","NE",706,1055,0.0144230769230769,0.0721544715447155,0.0252672497570457,9584
2014-11-30,"Hutchinson, MN","MN",707,1246,-0.0173501577287066,-0.0280811232449298,0.0366056572379368,10543
2014-11-30,"Batesville, AR","AR",708,868,-0.00229885057471264,-0.0068649885583524,0.010477299185099,7810
2014-11-30,"Owatonna, MN","MN",709,1264,-0.014809041309431,-0.0231839258114374,0.0394736842105263,10750
2014-11-30,"Emporia, KS","KS",710,801,-0.0243605359317905,-0.0475624256837099,0.0637450199203187,9393
2014-11-30,"Vidalia, GA","GA",711,944,0.00639658848614072,0.00106044538706257,-0.0625620655412115,6203
2014-11-30,"Winfield, KS","KS",712,763,-0.0103761348897536,-0.0129366106080207,0.0269179004037685,11239
2014-11-30,"Laramie, WY","WY",713,1245,-0.0103338632750397,-0.004,-0.0356312935708753,9732
2014-11-30,"Plainview, TX","TX",714,971,0.0199579831932773,0.0407288317256163,0.0221052631578947,9442
2014-11-30,"Laurinburg, NC","NC",715,833,-0.00119904076738609,-0.0142011834319527,-0.0268691588785047,7894
2014-11-30,"Alexandria, MN","MN",716,1269,-0.0109119251753702,-0.0283307810107198,-0.013986013986014,10713
2014-11-30,"Newport, TN","TN",717,879,-0.00113636363636364,-0.00677966101694915,0.0173611111111111,12943
2014-11-30,"De Ridder, LA","LA",718,1232,0.00244100895036615,0.00735895339329518,-0.0128205128205128,7274
2014-11-30,"Corbin, KY","KY",719,877,-0.0123873873873874,-0.0320088300220751,0.0813810110974106,4705
2014-11-30,"Ottumwa, IA","IA",720,942,0.0205850487540628,0.0608108108108108,0.104337631887456,11834
2014-11-30,"Lebanon, MO","MO",721,864,-0.00575373993095512,0.00699300699300699,0.0434782608695652,6204
2014-11-30,"Coffeyville, KS","KS",722,737,-0.0120643431635389,-0.0212483399734396,0.0278940027894003,12034
2014-11-30,"Seneca Falls, NY","NY",723,1422,0.000703729767769177,0.0092264017033357,0.023021582733813,6665
2014-11-30,"Sulphur Springs, TX","TX",724,1319,0.0138355111452729,0.0336990595611285,0.0418641390205371,6049
2014-11-30,"Martin, TN","TN",725,871,0.00114942528735632,0.00810185185185185,0.0235017626321974,11641
2014-11-30,"Big Spring, TX","TX",726,1052,0.0283479960899316,0.0541082164328657,0.15986769570011,9641
2014-11-30,"Susanville, CA","CA",727,1147,0.00525854513584575,0.0231935771632471,0.00262237762237762,8076
2014-11-30,"Brookhaven, MS","MS",728,984,0.0228690228690229,0.00101729399796541,-0.015015015015015,7675
2014-11-30,"Arcadia, FL","FL",729,1201,-0.00907590759075908,0.00250417362270451,0.0507436570428696,6192
2014-11-30,"Taylorville, IL","IL",730,1057,-0.000945179584120983,0.0372914622178607,-0.0176579925650558,11360
2014-11-30,"Decatur, IN","IN",731,960,0.00840336134453781,0.0223642172523962,0.0491803278688525,8814
2014-11-30,"Effingham, IL","IL",732,1196,-0.00499168053244592,-0.014827018121911,-0.00829187396351575,6280
2014-11-30,"Valley, AL","AL",733,818,0.00245098039215686,0.00738916256157635,0.079155672823219,7165
2014-11-30,"Butte, MT","MT",734,786,0.0194552529182879,0.0141935483870968,-0.0248138957816377,11257
2014-11-30,"Angola, IN","IN",735,1069,0.000936329588014981,0.0103969754253308,-0.0101851851851852,8579
2014-11-30,"Cleveland, MS","MS",736,1059,0.0321637426900585,0.0872689938398357,0.0056980056980057,4160
2014-11-30,"Kill Devil Hills, NC","NC",737,1363,0.00294334069168506,0.0179238237490665,0.00368188512518409,10613
2014-11-30,"Bonham, TX","TX",738,1104,0.00821917808219178,0.0279329608938547,0.0269767441860465,9178
2014-11-30,"Dodge City, KS","KS",739,925,0.012035010940919,0.00872410032715376,0.117149758454106,7922
2014-11-30,"Brenham, TX","TX",740,1368,0.0021978021978022,0.0201342281879195,0.104116222760291,7644
2014-11-30,"Frankfort, IN","IN",741,837,0.0072202166064982,0.0194884287454324,0.0232273838630807,11444
2014-11-30,"Chester, SC","SC",742,936,-0.0105708245243129,-0.050709939148073,-0.078740157480315,2431
2014-11-30,"Brevard, NC","NC",743,1222,0,-0.00488599348534202,-0.00731112916328188,14660
2014-11-30,"Taos, NM","NM",744,1225,0.00906095551894563,0.0174418604651163,-0.0858208955223881,13646
2014-11-30,"Troy, AL","AL",745,948,-0.00836820083682008,0.00211416490486258,-0.0286885245901639,5245
2014-11-30,"Wabash, IN","IN",746,850,0.00950118764845606,0.0278113663845224,0.0585305105853051,10028
2014-11-30,"Cambridge, MD","MD",747,1344,0.00448430493273543,0.012810851544838,0.0658207771609833,13766
2014-11-30,"Vernal, UT","UT",748,1256,0.017004048582996,0.0510460251046025,0.0572390572390572,8424
2014-11-30,"Kingsville, TX","TX",749,1088,0.0149253731343284,0.0371782650142993,0.0945674044265594,5416
2014-11-30,"Madison, IN","IN",750,938,0.00106723585912487,-0.00950369588173178,-0.00845665961945032,8450
2014-11-30,"Mount Pleasant, TX","TX",751,1255,-0.00159108989657916,0.00480384307445957,0.0475792988313856,6523
2014-11-30,"Paris, TN","TN",752,890,0.00112485939257593,0.00451467268623025,0.0277136258660508,11216
2014-11-30,"Columbus, NE","NE",753,1118,0.0191431175934366,0.0886075949367088,0.0597156398104265,10641
2014-11-30,"Dillon, SC","SC",754,875,-0.00793650793650794,-0.0550755939524838,-0.117053481331988,5903
2014-11-30,"Brookings, SD","SD",755,1327,0.00759301442672741,0.063301282051282,0.124576271186441,6315
2014-11-30,"Kennett, MO","MO",756,771,0.0252659574468085,0.0198412698412698,-0.0128040973111396,10624
2014-11-30,"St. Marys, PA","PA",757,1109,-0.0211827007943513,-0.0364900086880973,0.0249537892791128,9712
2014-11-30,"Beeville, TX","TX",758,1147,0.0168439716312057,0.0351985559566787,0.0851466414380322,3936
2014-11-30,"Washington, IN","IN",759,843,0.00118764845605701,0.00716845878136201,0.0280487804878049,8883
2014-11-30,"Hope, AR","AR",760,769,-0.0038860103626943,0.00260756192959583,0.0171957671957672,6397
2014-11-30,"Jennings, LA","LA",761,1263,0.0104,0.00317712470214456,0.0412201154163232,6561
2014-11-30,"Central City, KY","KY",762,828,-0.00838323353293413,0.00607533414337789,-0.00120627261761158,5860
2014-11-30,"Camden, AR","AR",763,768,-0.0115830115830116,-0.021656050955414,0.00655307994757536,6946
2014-11-30,"Jackson, WY","WY",764,1465,-0.0108035111411209,-0.0278699402786994,-0.00407885791978246,2146
2014-11-30,"Maysville, KY","KY",765,864,0.00465116279069767,0.0372148859543818,0.0693069306930693,6557
2014-11-30,"Juneau, AK","AK",766,1715,0.0190136660724896,0.132760898282695,0.0294117647058823,5217
2014-11-30,"Albert Lea, MN","MN",767,1137,0.00264550264550265,0.0070859167404783,0.0115658362989324,11852
2014-11-30,"Lewisburg, TN","TN",768,975,0.00515463917525773,0.015625,0.064410480349345,10187
2014-11-30,"Iron Mountain, MI","MI",769,794,-0.0050125313283208,-0.00997506234413965,-0.0075,11373
2014-11-30,"Lincoln, IL","IL",770,1069,-0.0147465437788018,-0.0334538878842676,-0.0369369369369369,7498
2014-11-30,"Jesup, GA","GA",771,1005,0.00600600600600601,0.0120845921450151,0.0612460401267159,5517
2014-11-30,"Alpena, MI","MI",772,852,-0.00350877192982456,-0.0273972602739726,0.0118764845605701,13746
2014-11-30,"Silver City, NM","NM",773,980,-0.019019019019019,-0.0485436893203883,-0.0306627101879327,5724
2014-11-30,"McPherson, KS","KS",774,1083,-0.000922509225092251,0.0226628895184136,0.125779625779626,8443
2014-11-30,"Washington Court House, OH","OH",775,1092,-0.020627802690583,-0.0144404332129964,-0.0117647058823529,6613
2014-11-30,"Van Wert, OH","OH",776,872,-0.0022883295194508,-0.00796359499431172,0.0393325387365912,8708
2014-11-30,"Merrill, WI","WI",777,1006,0.0202839756592292,0.0286298568507157,-0.0650557620817844,16998
2014-11-30,"Middlesborough, KY","KY",778,818,-0.0203592814371257,-0.029655990510083,-0.0144578313253012,1951
2014-11-30,"Crescent City, CA","CA",779,1405,0.00142551674982181,0.0151734104046243,0.0925349922239502,9456
2014-11-30,"North Vernon, IN","IN",780,929,0.00759219088937093,0.0119825708061002,0.00868621064060804,8809
2014-11-30,"Hays, KS","KS",781,1210,-0.00329489291598023,0.010016694490818,0.0746003552397869,7910
2014-11-30,"Forrest City, AR","AR",782,716,0.0156028368794326,0.0498533724340176,0.0670640834575261,6116
2014-11-30,"Fort Morgan, CO","CO",783,1244,0.0105605199025183,0.0506756756756757,0.0902716914986854,8442
2014-11-30,"Mineral Wells, TX","TX",784,1200,0.00418410041841004,0.00755667506297229,0.00840336134453781,4878
2014-11-30,"Yazoo City, MS","MS",785,958,0.0126849894291755,0.0609080841638981,0.131050767414404,4164
2014-11-30,"Bastrop, LA","LA",786,1108,-0.0280701754385965,-0.0570212765957447,-0.0229276895943563,4865
2014-11-30,"Bainbridge, GA","GA",787,899,0,-0.013172338090011,-0.00991189427312775,4922
2014-11-30,"Wauchula, FL","FL",788,1100,-0.0116801437556155,0.000909918107370337,0.0576923076923077,4365
2014-11-30,"Fort Valley, GA","GA",789,1051,0.00960614793467819,0.0203883495145631,0.051,5862
2014-11-30,"Great Bend, KS","KS",790,779,-0.0089058524173028,-0.0114213197969543,0.0236530880420499,9237
2014-11-30,"Grants, NM","NM",791,1006,-0.0108161258603736,-0.0146914789422135,0.0479166666666667,3740
2014-11-30,"Fitzgerald, GA","GA",792,892,0.00337457817772778,0.00337457817772778,0.0205949656750572,5692
2014-11-30,"Thomaston, GA","GA",793,1151,-0.00173460537727667,0.0043630017452007,0.0231111111111111,1218
2014-11-30,"Mountain Home, ID","ID",794,945,0.00853788687299893,0.0570469798657718,0.109154929577465,8476
2014-11-30,"Altus, OK","OK",795,747,0.00809716599190283,0.00403225806451613,0.014945652173913,8889
2014-11-30,"Uvalde, TX","TX",796,1010,0.000991080277502478,0.0140562248995984,0.0587002096436059,6049
2014-11-30,"Lexington, NE","NE",797,1054,-0.00566037735849057,0.0183574879227053,0.111814345991561,8779
2014-11-30,"Boone, IA","IA",798,1024,0.00490677134445535,0.0343434343434343,0.0987124463519313,8554
2014-11-30,"Toccoa, GA","GA",799,929,0.00215749730312837,0.0108813928182807,0.0299334811529933,6036
2014-11-30,"Clarksdale, MS","MS",800,889,0.00679501698754247,0.0136830102622577,-0.025219298245614,4096
2014-11-30,"Summerville, GA","GA",801,830,0,-0.0246768507638073,-0.0177514792899408,4012
2014-11-30,"New Ulm, MN","MN",802,1172,0.0112165660051769,0.0200174064403829,0.0752293577981651,9506
2014-11-30,"Marshall, MN","MN",803,1229,-0.0120578778135048,-0.0253766851704996,-0.0191540303272147,7414
2014-11-30,"La Grande, OR","OR",804,1200,-0.0163934426229508,-0.0139687756778965,0.0344827586206897,6525
2014-11-30,"Greensburg, IN","IN",805,1023,-0.00195121951219512,-0.0115942028985507,-0.00486381322957198,6925
2014-11-30,"Mexico, MO","MO",806,853,-0.00233918128654971,0,0.0130641330166271,6497
2014-11-30,"Moberly, MO","MO",807,849,0.00236127508854782,0.0192076830732293,0.0328467153284672,5871
2014-11-30,"City of The Dalles, OR","OR",808,1243,-0.0111376292760541,0.00485044462409054,0.0551782682512733,5185
2014-11-30,"Deming, NM","NM",809,910,-0.0288153681963714,-0.0520833333333333,-0.0733197556008147,4012
2014-11-30,"Harrisburg, IL","IL",810,1160,0.00346020761245675,0.012216404886562,-0.0349417637271215,8563
2014-11-30,"Fallon, NV","NV",811,1090,-0.00818926296633303,0.00925925925925926,0.00368324125230203,5212
2014-11-30,"Fredericksburg, TX","TX",812,1552,-0.00385109114249037,0.00258397932816538,0.0703448275862069,4034
2014-11-30,"Magnolia, AR","AR",813,849,0.0119189511323004,0.0216606498194946,0.00951248513674197,4833
2014-11-30,"Campbellsville, KY","KY",814,885,-0.00895856662933931,-0.0122767857142857,0.0160734787600459,5952
2014-11-30,"Connersville, IN","IN",815,766,-0.00390117035110533,-0.00905562742561449,0.0145695364238411,7675
2014-11-30,"Scottsburg, IN","IN",816,868,0.00579374275782155,0.00579374275782155,0.00813008130081301,6277
2014-11-30,"Heber, UT","UT",817,1618,0.0125156445556946,0.0425257731958763,0.102931152010907,7001
2014-11-30,"Pampa, TX","TX",818,1009,0.0120361083249749,0.014070351758794,0.022289766970618,5773
2014-11-30,"Cordele, GA","GA",819,901,-0.00110864745011086,0.00334075723830735,0.0285388127853881,4403
2014-11-30,"Pierre Part, LA","LA",820,1565,-0.00127632418634333,0.0222077073807969,0.264135702746365,3616
2014-11-30,"Arkadelphia, AR","AR",821,843,-0.0140350877192982,-0.0376712328767123,0.03690036900369,4475
2014-11-30,"Liberal, KS","KS",822,872,-0.00909090909090909,-0.0045662100456621,0.0608272506082725,5112
2014-11-30,"Levelland, TX","TX",823,1046,0.0175097276264591,0.0397614314115308,0.0608519269776876,5850
2014-11-30,"Wahpeton, ND","ND",824,1063,0.0300387596899225,0.0411361410381978,-0.142050040355125,2785
2014-11-30,"Mitchell, SD","SD",825,1191,0.0179487179487179,0.046572934973638,0.0276100086281277,5134
2014-11-30,"Sterling, CO","CO",826,1209,0.0108695652173913,0.0727595385980479,0.105118829981718,5041
2014-11-30,"Yankton, SD","SD",827,1261,-0.0292532717474981,-0.0055205047318612,0.120888888888889,5210
2014-11-30,"Oskaloosa, IA","IA",828,999,0.0142131979695431,0.0427974947807933,0.0811688311688312,6922
2014-11-30,"Brookings, OR","OR",829,1213,-0.00736497545008183,0.0201850294365013,0.098731884057971,7158
2014-11-30,"Hood River, OR","OR",830,1460,-0.00205058099794942,-0.0155091031692515,0.0579710144927536,6490
2014-11-30,"Beatrice, NE","NE",831,1013,-0.000986193293885602,0.011988011988012,0.0284263959390863,5375
2014-11-30,"Borger, TX","TX",832,1052,-0.0259259259259259,-0.0418943533697632,-0.0505415162454874,8004
2014-11-30,"Raymondville, TX","TX",833,979,0,0.00307377049180328,0.0229885057471264,3796
2014-11-30,"Elk City, OK","OK",834,991,-0.00100806451612903,-0.0129482071713147,0.152325581395349,6081
2014-11-30,"Roanoke Rapids, NC","NC",835,829,0.00241837968561064,-0.00360576923076923,-0.0758082497212932,3967
2014-11-30,"Grenada, MS","MS",836,1024,0.0178926441351889,0.025025025025025,0.0364372469635627,4827
2014-11-30,"Dumas, TX","TX",837,1065,0.0133206470028544,0.0230547550432277,0.076845298281092,5088
2014-11-30,"Helena, AR","AR",838,729,0.0069060773480663,0.0340425531914894,0.0704845814977974,3269
2014-11-30,"Parsons, KS","KS",839,725,-0.0162822252374491,-0.0268456375838926,0.013986013986014,6353
2014-11-30,"Tuskegee, AL","AL",840,883,-0.0111982082866741,0.00684150513112885,0,6116
2014-11-30,"Price, UT","UT",841,1125,0.0416666666666667,0.142131979695431,0.160990712074303,6884
2014-11-30,"Worthington, MN","MN",842,1167,-0.0110169491525424,-0.0118543607112616,0.0218914185639229,5108
2014-11-30,"Jamestown, ND","ND",843,1153,-0.00517687661777394,0.00874890638670166,-0.214042263122018,4630
2014-11-30,"Prineville, OR","OR",844,1130,0.006233303650935,0.0272727272727273,0.13,4894
2014-11-30,"Fairmont, MN","MN",845,1179,0.00425894378194208,0.0102827763496144,0.0406001765225066,8287
2014-11-30,"Guymon, OK","OK",846,972,-0.00511770726714432,-0.00409836065573771,0.0740331491712707,2479
2014-11-30,"West Point, MS","MS",847,977,0.00721649484536082,0.0415778251599147,0.00205128205128205,4856
2014-11-30,"Ruidoso, NM","NM",848,1193,-0.0115990057995029,-0.0164880461665293,-0.00417362270450751,2457
2014-11-30,"Storm Lake, IA","IA",849,926,-0.0148936170212766,-0.0551020408163265,0.0843091334894614,5791
2014-11-30,"Woodward, OK","OK",850,912,-0.00977198697068404,-0.0235546038543897,-0.00327868852459016,6518
2014-11-30,"Hereford, TX","TX",851,1048,0.0224390243902439,0.048,0.0682976554536188,3436
2014-11-30,"Brownsville, TN","TN",852,822,-0.0155688622754491,-0.0237529691211401,0.0123152709359606,7987
2014-11-30,"Bishop, CA","CA",853,1600,-0.0147783251231527,-0.0153846153846154,0.00946372239747634,4048
2014-11-30,"Los Alamos, NM","NM",854,1337,-0.0197947214076246,-0.0610955056179775,-0.028343023255814,5676
2014-11-30,"Snyder, TX","TX",855,974,0.0285110876451954,0.0679824561403509,0.0822222222222222,4593
2014-11-30,"Spirit Lake, IA","IA",856,1203,-0.00331400165700083,0.00333611342785655,0.0818345323741007,4825
2014-11-30,"Spencer, IA","IA",857,955,0.00420609884332282,-0.0265035677879715,0.179012345679012,4961
2014-11-30,"Havre, MT","MT",858,915,0.0155382907880133,0.0493119266055046,0.0433295324971494,977
2014-11-30,"Sweetwater, TX","TX",859,1008,0.0296220633299285,0.0610526315789474,0.110132158590308,5099
2014-11-30,"Andrews, TX","TX",860,1088,0.0158730158730159,0.0342205323193916,0.0361904761904762,3146
2014-11-30,"Lamesa, TX","TX",861,1090,0.00925925925925926,0.0148975791433892,0.033175355450237,2588
2014-11-30,"Pecos, TX","TX",862,1010,0.00198412698412698,0.0160965794768612,0.0444674250258532,2237
2014-11-30,"Vernon, TX","TX",863,1057,0.021256038647343,0.0434353405725568,0.0153698366954851,4076
2014-11-30,"Tallulah, LA","LA",864,1349,-0.0546601261387526,-0.0696551724137931,0.119502074688797,1854
