"Date","RegionName","State","SizeRank","Zhvi","MoM","QoQ","YoY","5Year","10Year","PeakMonth","PeakQuarter","PeakZHVI","PctFallFromPeak","LastTimeAtCurrZHVI"
2014-11-30,"United States",,0,177600,0.00338983050847458,0.011965811965812,0.0602985074626866,0.0112963809368718,0.00491640351108136,"2007-04","2007-Q2",196400,-0.0957230142566191,"2005-05"
2014-11-30,"New York, NY","NY",1,382900,0.00261848651479445,0.00922509225092251,0.049041095890411,0.00327028450764755,-0.00142517127088915,"2006-08","2006-Q3",451300,-0.151562153777975,"2004-10"
2014-11-30,"Los Angeles, CA","CA",2,532200,0.00509915014164306,0.0137142857142857,0.0646129225845169,0.0422154900307297,0.00490226799843452,"2006-07","2006-Q3",614200,-0.133507000976881,"2005-04"
2014-11-30,"Chicago, IL","IL",3,188800,0.00318809776833156,0.0128755364806867,0.0582959641255605,-0.0161375004177445,-0.0168626607669443,"2007-03","2007-Q1",244500,-0.227811860940695,"2002-08"
2014-11-30,"Dallas-Fort Worth, TX","TX",4,150900,0.00801603206412826,0.0202839756592292,0.0732574679943101,0.0260385148530362,0.00868442496548583,"2014-11","2014-Q4",150900,0,"2014-11"
2014-11-30,"Philadelphia, PA","PA",5,203600,0.00246184145741014,0.00842000990589401,0.0500257864878803,-0.00907938209784742,0.00515290092796294,"2007-05","2007-Q2",231700,-0.121277514026759,"2005-04"
2014-11-30,"Houston, TX","TX",6,151800,0.00463269358041032,0.012,0.119469026548673,0.00562736502614603,0.0164083076770418,"2014-11","2014-Q4",151800,0,"2014-11"
2014-11-30,"Washington, DC","DC",7,361500,0.00166251039068994,0.00556328233657858,0.0457043679490888,0.0281164589220908,0.000973378945907655,"2006-03","2006-Q1",431600,-0.16241890639481,"2004-12"
2014-11-30,"Miami-Fort Lauderdale, FL","FL",8,208000,0.00775193798449612,0.0246305418719212,0.13599126160568,0.0520392934151788,-0.00879039725483133,"2006-06","2006-Q2",312300,-0.333973743195645,"2004-08"
2014-11-30,"Atlanta, GA","GA",9,154000,0.0065359477124183,0.0246174318030605,0.128205128205128,0.0139412471926752,-0.00541932167627979,"2006-12","2006-Q4",174800,-0.118993135011442,"2002-12"
2014-11-30,"Boston, MA","MA",10,364900,0.00357535753575358,0.010803324099723,0.045259238040676,0.0252025210028357,-0.00157573389707855,"2005-09","2005-Q3",384600,-0.0512220488819553,"2004-09"
2014-11-30,"San Francisco, CA","CA",11,697500,0.00620311598384305,0.0185455607476636,0.0758907913003239,0.0590720462817502,0.0127664371525213,"2006-01","2006-Q1",707800,-0.0145521333710088,"2005-09"
2014-11-30,"Detroit, MI","MI",12,114800,0.00790166812993854,0.0231729055258467,0.103846153846154,0.04733279370397,-0.0302631513708825,"2005-06","2005-Q2",157700,-0.272035510462904,"1998-06"
2014-11-30,"Riverside, CA","CA",13,281000,0.00536672629695885,0.0166425470332851,0.102393095331503,0.064892559748835,-0.0133740493674332,"2006-06","2006-Q2",402700,-0.302210081946859,"2004-06"
2014-11-30,"Phoenix, AZ","AZ",14,198500,0.00608210846426761,0.0184710107747563,0.0306334371754933,0.0440663665983967,0.00805331971082546,"2006-04","2006-Q2",275500,-0.279491833030853,"2005-03"
2014-11-30,"Seattle, WA","WA",15,336400,0.00507917538093815,0.014475271411339,0.0628751974723539,0.0183925981626383,0.0195814986114473,"2007-08","2007-Q3",379000,-0.112401055408971,"2006-01"
2014-11-30,"Minneapolis-St Paul, MN","MN",16,208600,0.00192122958693564,0.00675675675675676,0.044044044044044,0.0115086839064606,-0.00907038042617492,"2006-05","2006-Q2",241300,-0.135515955242437,"2003-08"
2014-11-30,"San Diego, CA","CA",17,465000,0.00518806744487678,0.0132926563521464,0.0449438202247191,0.0453586931490251,-0.0109455702374209,"2005-10","2005-Q4",538500,-0.136490250696379,"2004-05"
2014-11-30,"St. Louis, MO","MO",18,129800,0.00309119010819165,0.0077639751552795,0.021243115656963,-0.0186339415400305,-0.0083829178153132,"2007-05","2007-Q2",158300,-0.180037902716361,"2003-06"
2014-11-30,"Tampa, FL","FL",19,146800,0.00479123887748118,0.0166204986149584,0.102102102102102,0.0247628689922041,-0.00813851159829171,"2006-07","2006-Q3",216400,-0.321626617375231,"2004-07"
2014-11-30,"Baltimore, MD","MD",20,242100,-0.000412881915772089,0.000413223140495868,0.0210881484605652,-0.00512472080514381,0.00726244130503284,"2006-11","2006-Q4",289400,-0.163441603317208,"2005-04"
2014-11-30,"Denver, CO","CO",21,274200,0.0106892738665684,0.0323795180722892,0.109672197490894,0.0480973779909519,0.018265765906615,"2014-11","2014-Q4",274200,0,"2014-11"
2014-11-30,"Pittsburgh, PA","PA",22,125400,0.00480769230769231,0.012924071082391,0.0636132315521628,0.0276755944633045,0.0236107278051945,"2014-11","2014-Q4",125400,0,"2014-11"
2014-11-30,"Portland, OR","OR",23,276100,0.00546249089584851,0.0161943319838057,0.0554281345565749,0.020385703482535,0.0253756482299625,"2007-05","2007-Q2",292200,-0.0550992470910335,"2006-05"
2014-11-30,"Sacramento, CA","CA",24,328600,0.00550795593635251,0.0176525240012388,0.0710560625814863,0.0416133872982505,-0.0165298048700825,"2005-12","2005-Q4",442300,-0.257065340266787,"2004-03"
2014-11-30,"San Antonio, TX","TX",25,144500,0.00138600138600139,0.00138600138600139,0.0532069970845481,-0.00178965905139838,0.0198627104037141,"2014-06","2014-Q2",146300,-0.0123034859876965,"2014-05"
2014-11-30,"Orlando, FL","FL",26,169500,0.00474214582098399,0.018018018018018,0.118811881188119,0.0298763265882676,-0.00432032102122248,"2006-06","2006-Q2",262800,-0.355022831050228,"2004-09"
2014-11-30,"Cincinnati, OH","OH",27,137300,0.00218978102189781,0.0125368731563422,0.0521072796934866,0.00928441969561833,-0.000145549839864145,"2006-10","2006-Q4",143400,-0.0425383542538354,"2004-11"
2014-11-30,"Cleveland, OH","OH",28,121300,0.00413907284768212,0.00831255195344971,0.035866780529462,-0.00646780232911215,-0.0142352673056438,"2006-03","2006-Q1",143100,-0.152341020265549,"2000-02"
2014-11-30,"Kansas City, MO","MO",29,137400,0.000728332119446468,0.00145772594752187,0.0561106840891622,-0.0196069353104305,-0.0139974789673555,"2005-06","2005-Q2",159100,-0.136392206159648,
2014-11-30,"Las Vegas, NV","NV",30,184700,0.00653950953678474,0.0244037714919578,0.115338164251208,0.0532474254623434,-0.0394751589385636,"2006-05","2006-Q2",305800,-0.396010464355788,"2003-12"
2014-11-30,"San Jose, CA","CA",31,824500,0.0064697265625,0.0229528535980149,0.0926318579379804,0.0734392209412664,0.0274341610825284,"2014-11","2014-Q4",824500,0,"2014-11"
2014-11-30,"Columbus, OH","OH",32,144600,0.00416666666666667,0.010482180293501,0.0577907827359181,0.0105617040496373,0.000485387345466437,"2006-07","2006-Q3",147400,-0.0189959294436906,"2005-01"
2014-11-30,"Charlotte, NC","NC",33,157100,0.00447570332480818,0.0109395109395109,0.0557795698924731,0.00875492891297491,0.00980178039268176,"2007-10","2007-Q4",161300,-0.0260384376937384,"2007-03"
2014-11-30,"Indianapolis, IN","IN",34,127900,-0.00078125,-0.00311769290724864,-0.0131172839506173,0.00459753061857127,-0.00464827232413434,"2003-11","2003-Q4",147700,-0.134055517941774,
2014-11-30,"Austin, TX","TX",35,219900,0.00548696844993141,0.0147669589293955,0.111167256189995,0.0279356896858964,0.0327636538402001,"2014-11","2014-Q4",219900,0,"2014-11"
2014-11-30,"Virginia Beach, VA","VA",36,210200,0.0014292520247737,0.00334128878281623,0.0154589371980676,-0.0106858199070327,0.0142312420635573,"2007-07","2007-Q3",242500,-0.13319587628866,"2005-07"
2014-11-30,"Providence, RI","RI",37,231600,0.00216356555603635,0.00477223427331887,0.0270509977827051,-0.00743074586828707,-0.021830456032411,"2005-11","2005-Q4",303200,-0.236147757255937,"2003-05"
2014-11-30,"Nashville, TN","TN",38,172400,0.00700934579439252,0.0213270142180095,0.0688158710477371,0.021770267585524,0.0226541954537163,"2014-11","2014-Q4",172400,0,"2014-11"
2014-11-30,"Milwaukee, WI","WI",39,185800,0.00161725067385445,0.00541125541125541,0.0339454646633278,-0.00192638417412694,-0.000750392081312556,"2007-06","2007-Q2",202200,-0.0811078140454995,"2004-09"
2014-11-30,"Jacksonville, FL","FL",40,153400,0.00261437908496732,0.0125412541254125,0.0682451253481894,-0.00386609517187009,-0.00451428520882347,"2006-10","2006-Q4",208300,-0.263562169947192,"2004-08"
2014-11-30,"Memphis, TN","TN",41,107600,0.00466853408029879,0.0150943396226415,0.0199052132701422,-0.00548479157600146,0,"2006-11","2006-Q4",119700,-0.10108604845447,"2004-11"
2014-11-30,"Louisville-Jefferson County, KY","KY",42,130100,0.00231124807395994,0.00774593338497289,-0.0496712929145362,0.00531030961450729,0.00895787297949657,"2013-12","2013-Q4",136900,-0.0496712929145362,"2012-12"
2014-11-30,"Richmond, VA","VA",43,185400,0.00433369447453954,0.00980392156862745,0.0260099612617598,-0.00851590437058458,0.0113580595825031,"2007-09","2007-Q3",210500,-0.119239904988124,"2005-09"
2014-11-30,"Oklahoma City, OK","OK",44,128000,0.00470957613814757,0.0142630744849445,0.0509031198686371,0.0296531881072,0.0300476179704861,"2014-11","2014-Q4",128000,0,"2014-11"
2014-11-30,"Hartford, CT","CT",45,217900,0.00137867647058824,0.00183908045977011,-0.00274599542334096,-0.014155825283256,-0.00473873344413889,"2006-07","2006-Q3",256600,-0.150818394388153,"2004-07"
2014-11-30,"New Orleans, LA","LA",46,161200,-0.00370828182941904,-0.0134638922888617,0.0826057756883815,-0.0147122952622987,0.0210394895039885,"2009-07","2009-Q3",177400,-0.0913190529875987,"2009-02"
2014-11-30,"Buffalo, NY","NY",47,129700,0.00464756003098373,0.0117004680187207,0.042604501607717,0.0263210829887324,,"2014-11","2014-Q4",129700,0,"2014-11"
2014-11-30,"Raleigh, NC","NC",48,196000,0.003584229390681,0.0103092783505155,0.0436634717784878,0.0126059071657776,0.018046726478044,"2014-11","2014-Q4",196000,0,"2014-11"
2014-11-30,"Birmingham, AL","AL",49,125800,0.00479233226837061,0.0145161290322581,0.0252648736756316,-0.0138709827380695,0.00659214044228218,"2009-11","2009-Q4",134900,-0.0674573758339511,"2005-11"
2014-11-30,"Salt Lake City, UT","UT",50,222400,0.0031574199368516,0.0031574199368516,0.0244127130354675,-0.0175607568587562,0.0229222017216166,"2008-01","2008-Q1",279600,-0.204577968526466,"2006-08"
2014-11-30,"Rochester, NY","NY",51,125500,0.00319744204636291,0.007223113964687,0.0261651676206051,0.00849934317032752,0.0140096983044904,"2014-11","2014-Q4",125500,0,"2014-11"
2014-11-30,"Tucson, AZ","AZ",52,165700,0.00181378476420798,0.00913520097442144,0.0369211514392991,-0.00824126517927026,-0.00320178895297707,"2006-05","2006-Q2",237000,-0.30084388185654,"2004-10"
2014-11-30,"Honolulu, HI","HI",53,601400,0.00619039651999331,0.018458933107536,0.0890981528431728,0.0429738086404781,0.0361587102568577,"2014-11","2014-Q4",601400,0,"2014-11"
2014-11-30,"Tulsa, OK","OK",54,116700,0.00603448275862069,0.0103896103896104,0.0456989247311828,0.0301360246874549,0.0267773612772426,"2014-11","2014-Q4",116700,0,"2014-11"
2014-11-30,"Fresno, CA","CA",55,185700,0.00595882990249187,0.0220143093010457,0.0885111371629543,0.0216994779845481,-0.0197085837721982,"2006-04","2006-Q2",295500,-0.371573604060914,"2004-04"
2014-11-30,"Stamford, CT","CT",56,387300,-0.00283213182286303,-0.0046260601387818,0.0130787339785509,-0.00518557774450357,-0.0145638160640855,"2006-04","2006-Q2",493700,-0.215515495240024,"2003-08"
2014-11-30,"Albuquerque, NM","NM",57,164400,0.00305064063453325,0.00427611484422724,-0.00784550392275196,-0.0251192406687594,0.0118710242869646,"2009-05","2009-Q2",196900,-0.165058405281869,"2005-11"
2014-11-30,"Albany, NY","NY",58,185700,0.00107816711590297,-0.00107584722969338,-0.0101279317697228,-0.00880917420347438,0.0139351719910996,"2007-08","2007-Q3",196200,-0.0535168195718654,"2006-01"
2014-11-30,"Omaha, NE","NE",59,139200,0.00869565217391304,0.0138383102694829,0.0489826676714393,0.0143944087395906,0.00897657417992526,"2014-11","2014-Q4",139200,0,"2014-11"
2014-11-30,"New Haven, CT","CT",60,211900,0.00141776937618147,-0.00235404896421846,-0.00282352941176471,-0.0184684832310529,-0.0134388347133308,"2006-04","2006-Q2",276200,-0.232802317161477,"2003-11"
2014-11-30,"Dayton, OH","OH",61,100500,0,-0.00198609731876862,0.0297131147540984,-0.0117159838902835,-0.0113917859310603,"2007-03","2007-Q1",116700,-0.138817480719794,"2001-06"
2014-11-30,"Bakersfield, CA","CA",62,167600,0.00600240096038415,0.0200852099817407,0.0785070785070785,0.0388787146008858,-0.0112098806075115,"2006-05","2006-Q2",272500,-0.384954128440367,"2004-08"
2014-11-30,"Ventura, CA","CA",63,500600,0.00340749649228302,0.0123356926188069,0.0594708994708995,0.0346525281093089,-0.00898790606200262,"2006-05","2006-Q2",638000,-0.215360501567398,"2004-06"
2014-11-30,"Allentown, PA","PA",64,179300,0.00279642058165548,0.00730337078651685,0.065359477124183,-0.0111090752279255,0.00277472936894818,"2007-06","2007-Q2",216500,-0.171824480369515,"2005-02"
2014-11-30,"Baton Rouge, LA","LA",65,149800,0.00536912751677852,0.0101146325016858,0.028140013726836,-0.00577314896748327,,"2009-11","2009-Q4",154200,-0.0285343709468223,"2009-01"
2014-11-30,"El Paso, TX","TX",66,108900,-0.00183318056828598,-0.00365965233302836,0.00368663594470046,-0.0139089719379574,0.0220034864752903,"2008-01","2008-Q1",118900,-0.0841042893187553,"2006-10"
2014-11-30,"Worcester, MA","MA",67,227200,0.00264783759929391,0.0120267260579065,0.032258064516129,0.000617338860027683,-0.0173655020080604,"2005-12","2005-Q4",284200,-0.200562983814215,"2003-02"
2014-11-30,"McAllen, TX","TX",68,84200,0.00238095238095238,-0.0152046783625731,0.0446650124069479,-0.0271027114619868,0.0201083444100656,"2014-06","2014-Q2",91000,-0.0747252747252747,"2014-04"
2014-11-30,"Grand Rapids, MI","MI",69,133900,0.00525525525525526,0.0167046317388003,0.0772325020112631,0.0280551318057334,-0.00308371632130644,"2005-07","2005-Q3",141800,-0.0557122708039492,"2003-09"
2014-11-30,"Columbia, SC","SC",70,119700,0.00503778337531486,0.0118343195266272,0.00251256281407035,-0.0130102117721644,0.0072120106889515,"2009-09","2009-Q3",128000,-0.06484375,"2006-05"
2014-11-30,"Greensboro, NC","NC",71,117800,0.0025531914893617,0.00426257459505541,0.02882096069869,-0.00252741227909536,0.000425442030606016,"2008-02","2008-Q1",124700,-0.0553327987169206,"2004-12"
2014-11-30,"Akron, OH","OH",72,120300,0.00585284280936455,0.00922818791946309,0.0379637618636756,-0.000166168171357284,-0.00810543276824549,"2007-03","2007-Q1",133700,-0.100224382946896,"2002-02"
2014-11-30,"Sarasota, FL","FL",73,205600,0.00587084148727984,0.0259481037924152,0.141588006662965,0.0470181534020995,-0.00884402405626616,"2006-01","2006-Q1",311500,-0.339967897271268,"2004-08"
2014-11-30,"Little Rock, AR","AR",74,124600,0.0040290088638195,0.0105433901054339,0.0138323840520749,0.00472103038533711,0.0216261626248422,"2014-11","2014-Q4",124600,0,"2014-11"
2014-11-30,"Knoxville, TN","TN",75,136700,0.00588668138337013,0.0148478099480327,0.0654715510522214,0.00250592765938173,0.0183249072485507,"2014-11","2014-Q4",136700,0,"2014-11"
2014-11-30,"Springfield, MA","MA",76,196500,0.00203977562468129,0.00408788962698007,0.0176074572760228,-0.00232466635093931,0.00221504306857701,"2006-07","2006-Q3",215700,-0.0890125173852573,"2005-02"
2014-11-30,"Stockton, CA","CA",77,244500,0.00824742268041237,0.0247275775356245,0.147887323943662,0.0785811113004304,-0.0282987120968483,"2005-12","2005-Q4",415100,-0.410985304745844,"2003-08"
2014-11-30,"Poughkeepsie, NY","NY",78,220400,0.00318616294947656,0.00823421774931381,0.00501595987232102,-0.0323584940483864,-0.023370996508749,"2006-09","2006-Q3",315000,-0.30031746031746,"2003-04"
2014-11-30,"Charleston, SC","SC",79,188600,0.00533049040511727,0.0194594594594595,0.0820424555364314,0.0117498485730843,0.0138890028330518,"2006-09","2006-Q3",201600,-0.064484126984127,"2005-12"
2014-11-30,"Syracuse, NY","NY",80,109500,-0.00635208711433757,-0.028393966282165,-0.0649017933390265,-0.0114668767855705,0.0104380606939694,"2014-02","2014-Q1",118100,-0.0728196443691787,"2006-07"
2014-11-30,"Toledo, OH","OH",81,99800,0.00200803212851406,0.0142276422764228,0.0450261780104712,-0.00179391229382542,-0.0154377068998292,"2006-07","2006-Q3",118400,-0.157094594594595,"2001-06"
2014-11-30,"Colorado Springs, CO","CO",82,212200,0.00711912672045562,0.0182341650671785,0.057299451918286,0.022024526857416,0.0130478219476942,"2014-11","2014-Q4",212200,0,"2014-11"
2014-11-30,"Greenville, SC","SC",83,142300,0.00423429781227946,0.0142551674982181,0.0311594202898551,0.0146797919353403,0.0168522204562425,"2014-11","2014-Q4",142300,0,"2014-11"
2014-11-30,"Fort Myers, FL","FL",84,184100,0.00876712328767123,0.0296420581655481,0.144188937228092,0.0615015137630208,-0.00996867175707594,"2006-03","2006-Q1",298400,-0.383042895442359,"2004-07"
2014-11-30,"Boise City, ID","ID",85,165600,0.00181488203266788,0.00120918984280532,0.05276541640178,-0.00334775569919465,0.0163557950408371,"2007-07","2007-Q3",212000,-0.218867924528302,"2005-12"
2014-11-30,"Lakeland, FL","FL",86,128000,0.00549882168106834,0.0199203187250996,0.140819964349376,0.0141773456460865,-0.00231402443611717,"2006-09","2006-Q3",195800,-0.346271705822268,"2004-10"
2014-11-30,"Des Moines, IA","IA",87,152400,0.000656598818122127,0.004614370468029,0.0200803212851406,0.00861732149046612,0.0154013168647753,"2014-11","2014-Q4",152400,0,"2014-11"
2014-11-30,"Madison, WI","WI",88,211100,0.00475963826749167,0.0149038461538462,0.0629405840886203,0.0131001722833815,0.0123044270844503,"2014-11","2014-Q4",211100,0,"2014-11"
2014-11-30,"Youngstown, OH","OH",89,79300,0.00126262626262626,0.00379746835443038,0.0245478036175711,0.00356878816675565,0.00126985815235181,"2006-04","2006-Q2",89800,-0.116926503340757,"2005-02"
2014-11-30,"Scranton, PA","PA",90,108200,0.00371057513914657,0.00557620817843866,-0.0073394495412844,-0.0121161534737508,0.0143841210507625,"2007-05","2007-Q2",118500,-0.0869198312236287,"2006-06"
2014-11-30,"Augusta, GA","GA",91,96500,0.00835945663531871,0.0276890308839191,0.0534934497816594,0.000415024006813924,0.0151843687172133,"2009-09","2009-Q3",96700,-0.00206825232678387,"2009-08"
2014-11-30,"Harrisburg, PA","PA",92,160000,0,0.000625390869293308,0.0329244673983215,-0.00223493667975672,0.0161607423870602,"2008-03","2008-Q1",162900,-0.0178023327194598,"2007-04"
2014-11-30,"Ogden, UT","UT",93,187700,0.00481798715203426,0.00320684126135756,0.0140464613722312,-0.0228529001158096,0.0147711828718422,"2008-06","2008-Q2",232700,-0.193382036957456,"2006-08"
2014-11-30,"Melbourne, FL","FL",94,145500,0.00483425414364641,0.0232067510548523,0.126160990712074,0.0275710362454362,-0.0235733825787671,"2006-01","2006-Q1",235500,-0.382165605095541,"2004-02"
2014-11-30,"Jackson, MS","MS",95,123100,0.00901639344262295,0.0207296849087894,0.0760489510489511,-0.0223086629773956,0.0340182750139972,"2009-11","2009-Q4",137800,-0.106676342525399,"2009-02"
2014-11-30,"Chattanooga, TN","TN",96,123900,0.00405186385737439,0.0106035889070147,0.023121387283237,0.00064693568609453,0.0128022455541212,"2014-11","2014-Q4",123900,0,"2014-11"
2014-11-30,"Provo, UT","UT",97,211800,0.00141843971631206,0.00236630383341221,0.014367816091954,-0.0185611417351843,0.0221076528489925,"2008-02","2008-Q1",258600,-0.180974477958237,"2006-09"
2014-11-30,"Lancaster, PA","PA",98,179500,0.00167410714285714,0.00786075238629983,0.0316091954022989,-0.00547978202950594,0.0132895714885188,"2007-09","2007-Q3",188700,-0.0487546369899311,"2006-04"
2014-11-30,"Modesto, CA","CA",99,214500,0.00468384074941452,0.0209424083769634,0.144610458911419,0.0777723935847665,-0.0276077462005258,"2006-03","2006-Q1",366300,-0.414414414414414,"2003-07"
2014-11-30,"Durham, NC","NC",100,187800,0.00481540930979133,0.00913487372380441,0.023433242506812,0.00376962766077127,0.0113844044644857,"2014-11","2014-Q4",187800,0,"2014-11"
2014-11-30,"Daytona Beach, FL","FL",101,135100,0.00446096654275093,0.0142642642642643,0.0895161290322581,0.011171682947956,-0.0210919327086376,"2006-07","2006-Q3",231000,-0.415151515151515,"2003-12"
2014-11-30,"Santa Rosa, CA","CA",102,489800,0.00657624332100288,0.020204124140804,0.108395564607377,0.0457676894628056,-0.00628969309757699,"2005-12","2005-Q4",598100,-0.181073399097141,"2004-07"
2014-11-30,"Winston-Salem, NC","NC",103,126600,0,0.00158227848101266,0.0128,-0.0101123723094577,0.00159365886240348,"2009-02","2009-Q1",136200,-0.0704845814977974,"2005-04"
2014-11-30,"Lexington, KY","KY",104,143800,0.00278940027894003,0.00348918353105373,0.0191353649893692,0.0100306612035876,0.0082937846173472,"2014-02","2014-Q1",144200,-0.00277392510402219,"2014-02"
2014-11-30,"Spokane, WA","WA",105,162200,0.00557966522008679,0.0162907268170426,0.0350989151244416,-0.00829740774694565,0.0190546703830505,"2007-05","2007-Q2",183300,-0.115111838516094,"2005-12"
2014-11-30,"Lansing, MI","MI",106,126600,0.00876494023904383,0.0242718446601942,0.0885640584694755,0.0121187956842888,-0.0162253980286379,"2005-12","2005-Q4",150900,-0.1610337972167,"2001-11"
2014-11-30,"Fayetteville, AR","AR",107,140100,0.0043010752688172,0.0108225108225108,0.0486526946107785,0.0158595632357754,0.00868021133807773,"2006-08","2006-Q3",146600,-0.0443383356070941,"2005-09"
2014-11-30,"Pensacola, FL","FL",108,133600,0.00375657400450789,0.010590015128593,0.0364623739332816,-0.00163862045584329,0.000902668920551353,"2005-12","2005-Q4",166800,-0.199040767386091,"2004-12"
2014-11-30,"Visalia, CA","CA",109,158200,0.00317057704502219,0.0134529147982063,0.0798634812286689,0.0157630967340463,-0.00815543378472472,"2006-07","2006-Q3",241900,-0.346010748243076,"2004-09"
2014-11-30,"Springfield, MO","MO",110,109300,0.00183318056828598,0.00275229357798165,0.00275229357798165,-0.0199713494479338,0.00595439806544285,"2009-06","2009-Q2",124500,-0.122088353413655,"2005-06"
2014-11-30,"York, PA","PA",111,150500,0.00133067198935462,0.00333333333333333,0.0155195681511471,-0.0224571895997723,0.00366067639879541,"2007-06","2007-Q2",182800,-0.176695842450766,"2005-03"
2014-11-30,"Corpus Christi, TX","TX",112,125700,0.0056,0.0120772946859903,0.122321428571429,-0.00205567836559695,0.028723189613409,"2014-11","2014-Q4",125700,0,"2014-11"
2014-11-30,"Flint, MI","MI",113,80200,0.00627352572145546,0.0229591836734694,0.0580474934036939,0.0215222268976649,-0.0406881503007466,"2005-10","2005-Q4",124300,-0.35478680611424,
2014-11-30,"Reno, NV","NV",114,237600,0.00806109461179465,0.0219354838709677,0.121283624351109,0.0383990172653288,-0.0231797576171021,"2005-11","2005-Q4",356800,-0.334080717488789,"2004-03"
2014-11-30,"Asheville, NC","NC",115,180400,0.00669642857142857,0.0197851893725269,0.0802395209580838,0.00517929087001545,0.0188974937237769,"2008-03","2008-Q1",189200,-0.0465116279069767,"2007-03"
2014-11-30,"Port St. Lucie, FL","FL",116,144600,0.00907187718073971,0.025531914893617,0.113163972286374,0.0359364986485293,-0.0331161047355613,"2006-02","2006-Q1",262800,-0.449771689497717,"2003-07"
2014-11-30,"Santa Barbara, CA","CA",117,528800,0.00360599734294933,0.0147764344655536,0.090534130748608,0.0294803203577092,-0.0181195523378055,"2005-12","2005-Q4",692400,-0.236279607163489,"2004-02"
2014-11-30,"Huntsville, AL","AL",118,146400,0.00273972602739726,0.00549450549450549,0.0075705437026841,-0.00865066805467385,,"2007-07","2007-Q3",157500,-0.0704761904761905,"2006-07"
2014-11-30,"Fort Wayne, IN","IN",119,101300,0,-0.000986193293885602,0.0326197757390418,0.00603058803862688,-0.00527319914179891,"2006-11","2006-Q4",109400,-0.0740402193784278,"2003-10"
2014-11-30,"Salinas, CA","CA",120,423900,0.00355113636363636,0.013872279359005,0.121725324159831,0.0467655352890592,-0.0305318230553292,"2006-04","2006-Q2",685600,-0.381709451575263,"2003-09"
2014-11-30,"Vallejo, CA","CA",121,318800,0.0091801202912314,0.0337224383916991,0.169908256880734,0.0699999943693366,-0.0227030012335051,"2006-04","2006-Q2",478600,-0.333890513999164,"2003-10"
2014-11-30,"Mobile, AL","AL",122,99100,0.00405268490374873,0.0132924335378323,0.0322916666666667,-0.0301639260802752,0.00735234655171335,"2008-06","2008-Q2",120000,-0.174166666666667,"2005-07"
2014-11-30,"Reading, PA","PA",123,158800,0.00252525252525253,0.00825396825396825,0.0238555770470664,-0.0121395208780888,0.01053520036379,"2007-06","2007-Q2",178500,-0.110364145658263,"2005-12"
2014-11-30,"Killeen, TX","TX",124,106100,0.000943396226415094,0,0.0231436837029894,-0.0064700443198068,0.0013291753459197,"2006-11","2006-Q4",118900,-0.107653490328007,"2005-01"
2014-11-30,"Canton, OH","OH",125,105700,0.00570884871550904,0.0153698366954851,0.0413793103448276,0.00774535927073905,-0.00648005789878381,"2006-10","2006-Q4",116500,-0.0927038626609442,"2002-12"
2014-11-30,"Manchester, NH","NH",126,224900,0.00581395348837209,0.0153498871331828,0.0704426463588767,0.00998549441903607,-0.00888718247297171,"2005-10","2005-Q4",264200,-0.148750946252839,"2003-10"
2014-11-30,"Shreveport, LA","LA",127,106900,0.00469924812030075,0.0132701421800948,-0.0092678405931418,0.00112634038204185,0.000468934027546108,"2008-06","2008-Q2",133400,-0.198650674662669,"2005-04"
2014-11-30,"Salem, OR","OR",128,183200,0.0043859649122807,0.0149584487534626,0.0663562281722934,-0.00420409415750911,0.015423693308638,"2007-10","2007-Q4",209900,-0.127203430204859,"2006-02"
2014-11-30,"Beaumont, TX","TX",129,89800,-0.00663716814159292,-0.0196506550218341,0.0741626794258373,-0.0490911912913453,0.0177664629002028,"2014-06","2014-Q2",94700,-0.0517423442449842,"2014-04"
2014-11-30,"Davenport, IL","IL",130,114400,0.00175131348511384,0.00704225352112676,0.0205173951828724,0.0125197705485238,0.0170560552350825,"2014-11","2014-Q4",114400,0,"2014-11"
2014-11-30,"Peoria, IL","IL",131,112900,0.00177462289263532,0.00355555555555556,0.0152877697841727,-0.00105951147411432,0.0115013043477386,"2008-11","2008-Q4",115100,-0.0191138140747176,"2008-05"
2014-11-30,"Montgomery, AL","AL",132,115700,-0.0144804088586031,-0.0414250207125104,-0.122154779969651,-0.0343564849093938,0.0141839415797369,"2010-07","2010-Q3",144300,-0.198198198198198,
2014-11-30,"Tallahassee, FL","FL",133,142100,0.000704225352112676,0.00282286520818631,0.0135520684736091,-0.0223469045970981,-0.00405986025980021,"2006-08","2006-Q3",182800,-0.222647702407002,"2004-09"
2014-11-30,"Trenton, NJ","NJ",134,222800,-0.0026857654431513,0.000898472596585804,0.0450281425891182,-0.0163154198184681,-0.0104185422451694,"2006-05","2006-Q2",279000,-0.201433691756272,"2004-04"
2014-11-30,"Fayetteville, NC","NC",135,113600,-0.000879507475813544,-0.00525394045534151,-0.00959023539668701,-0.00990971093300097,0.01364682856532,"2010-10","2010-Q4",120500,-0.0572614107883817,"2007-01"
2014-11-30,"Hickory, NC","NC",136,106600,0,-0.000937207122774133,-0.0229147571035747,-0.0182779655606141,0.00521201100605895,"2009-09","2009-Q3",118500,-0.10042194092827,"2005-10"
2014-11-30,"Wilmington, NC","NC",137,192100,0.00260960334029228,0.00734137388568432,0.0322407307898979,-0.0195209899602323,0.0111134600356884,"2007-03","2007-Q1",246800,-0.221636952998379,"2005-06"
2014-11-30,"Evansville, IN","IN",138,108000,0.00185528756957328,0.00746268656716418,0.0495626822157434,0.0161216843353611,0.00329984812297113,"2007-03","2007-Q1",108900,-0.00826446280991736,"2007-02"
2014-11-30,"Eugene, OR","OR",139,211400,0.00332225913621262,0.00762631077216397,0.0383104125736739,0.00180729801276414,0.0200127231643974,"2007-06","2007-Q2",235700,-0.103097157403479,"2005-12"
2014-11-30,"Rockford, IL","IL",140,93000,0,-0.00747065101387407,-0.0332640332640333,-0.0545360390537012,-0.0240224543511625,"2007-08","2007-Q3",134400,-0.308035714285714,"1999-07"
2014-11-30,"Savannah, GA","GA",141,153900,0.00391389432485323,0.014502307185234,0.0577319587628866,-0.00461380702446745,0.00412045094139279,"2007-05","2007-Q2",173100,-0.110918544194107,"2005-04"
2014-11-30,"Ann Arbor, MI","MI",142,228600,0.00616197183098592,0.0178094390026714,0.0932568149210904,0.0500165106336543,-0.000479920634667397,"2005-05","2005-Q2",232500,-0.0167741935483871,"2004-01"
2014-11-30,"Ocala, FL","FL",143,106400,0.00472143531633617,0.0162368672397326,0.109489051094891,-0.0138767537480046,-0.0120388612114791,"2006-07","2006-Q3",183300,-0.419530823786143,"2004-06"
2014-11-30,"Kalamazoo, MI","MI",144,125500,0.00319744204636291,0.0145513338722716,0.0502092050209205,0.0108631713570129,-0.000872294443638455,"2006-03","2006-Q1",134400,-0.0662202380952381,"2004-03"
2014-11-30,"Naples, FL","FL",145,289300,0.0108315863032844,0.0354330708661417,0.153049023515345,0.0412144635676659,-0.00398984169740657,"2006-04","2006-Q2",445900,-0.351199820587576,"2004-10"
2014-11-30,"South Bend, IN","IN",146,98200,0.00306435137895812,0.00614754098360656,-0.00808080808080808,-0.0266499953016242,-0.00629384389239396,"2009-05","2009-Q2",116800,-0.159246575342466,"2004-03"
2014-11-30,"Kingsport, TN","TN",147,116600,0.00344234079173838,0.00952380952380952,0.0336879432624113,0.00826268078792869,0.0255504635907218,"2014-03","2014-Q1",116700,-0.000856898029134533,"2014-03"
2014-11-30,"Roanoke, VA","VA",148,150800,0.00399467376830892,0.00802139037433155,0.0321697467488022,-0.00276210980807667,0.0135579702504058,"2009-01","2009-Q1",155000,-0.0270967741935484,"2006-12"
2014-11-30,"Green Bay, WI","WI",149,141900,0,0.00282685512367491,-0.0287474332648871,-0.0153360271644019,-0.00277602682793143,"2009-06","2009-Q2",154000,-0.0785714285714286,"2003-09"
2014-11-30,"Charleston, WV","WV",150,94900,-0.00315126050420168,-0.0114583333333333,0.0428571428571429,0.0170678950238592,,"2014-06","2014-Q2",97900,-0.0306435137895812,"2014-02"
2014-11-30,"Lincoln, NE","NE",151,142500,0.00422832980972516,0.0135135135135135,0.0563380281690141,0.0180616773853637,0.0138397782014983,"2014-11","2014-Q4",142500,0,"2014-11"
2014-11-30,"Fort Collins, CO","CO",152,267400,0.00867597133157299,0.0264875239923225,0.0825910931174089,0.0413141113826367,0.0217181910318842,"2014-11","2014-Q4",267400,0,"2014-11"
2014-11-30,"Utica, NY","NY",153,108100,0.0083955223880597,0.0256166982922201,0.0424300867888139,0.0108929027285982,0.0300468172465891,"2014-11","2014-Q4",108100,0,"2014-11"
2014-11-30,"Fort Smith, AR","AR",154,101100,0.00797607178464606,0.0316326530612245,0.101307189542484,0.0166238520723061,0.0269397045668887,"2014-11","2014-Q4",101100,0,"2014-11"
2014-11-30,"Columbus, GA","GA",155,106000,0.000944287063267233,0,-0.059449866903283,-0.0158239427401972,0.00133043849721615,"2008-04","2008-Q2",117600,-0.0986394557823129,"2005-03"
2014-11-30,"Boulder, CO","CO",156,381500,0.00686196885721826,0.0219662469863381,0.0798188508349844,0.0427177770464111,0.0268855012927682,"2014-11","2014-Q4",381500,0,"2014-11"
2014-11-30,"Huntington, WV","WV",157,93200,0.00647948164146868,0.0219298245614035,0.0185792349726776,0.0416467520245209,0.0302223841788973,"2014-03","2014-Q1",97100,-0.0401647785787848,"2014-01"
2014-11-30,"Lubbock, TX","TX",158,102900,-0.000970873786407767,-0.00193986420950533,0.0425531914893617,-0.00193238159499542,-0.00473348452592492,"2014-06","2014-Q2",105000,-0.02,"2014-04"
2014-11-30,"Spartanburg, SC","SC",159,112400,0,0.00357142857142857,0.0330882352941176,0.00250989174724237,0.0109520980783306,"2014-11","2014-Q4",112400,0,"2014-11"
2014-11-30,"Erie, PA","PA",160,115700,0,0.00259965337954939,0.0423423423423423,0.0142451032539255,0.0200153669891949,"2014-11","2014-Q4",115700,0,"2014-11"
2014-11-30,"Duluth, MN","MN",161,107300,-0.00463821892393321,-0.00923361034164358,-0.0571177504393673,-0.0270997078478112,-0.00120355093723545,"2007-05","2007-Q2",126200,-0.149762282091918,"2004-09"
2014-11-30,"Atlantic City, NJ","NJ",162,192700,-0.0025879917184265,-0.00310398344542162,0.0438786565547129,-0.0295670721047105,-0.0144533986514407,"2006-05","2006-Q2",282500,-0.31787610619469,"2004-03"
2014-11-30,"New London, CT","CT",163,213700,-0.00279981334577695,-0.00743149094287041,0.00944733112895607,-0.0201537014613984,-0.0123186223756039,"2006-08","2006-Q3",269900,-0.208225268618007,"2004-03"
2014-11-30,"Clarksville, TN","TN",164,131100,0.00613967766692249,0.0178571428571429,0.0658536585365854,0.0161632029028094,0.0303710374729178,"2014-11","2014-Q4",131100,0,"2014-11"
2014-11-30,"Lafayette, LA","LA",165,144200,0,-0.00345542501727712,-0.0469266358228685,-0.033743785727554,0.00819381294437926,"2010-03","2010-Q1",173100,-0.166955517042172,"2005-09"
2014-11-30,"San Luis Obispo, CA","CA",166,490500,0.00347790507364975,0.011340206185567,0.0714285714285714,0.0262007986451882,-0.0046494989576864,"2006-04","2006-Q2",599800,-0.182227409136379,"2004-08"
2014-11-30,"Hagerstown, WV","WV",167,160300,0.00312891113892365,0.0164870006341154,0.0483976455199477,-0.0158149577302695,-0.00348797570486392,"2007-01","2007-Q1",215000,-0.254418604651163,"2004-08"
2014-11-30,"Gainesville, FL","FL",168,139300,0.0065028901734104,0.0145666423889294,0.0295639320029564,-0.0237636235390235,-0.00664234732366453,"2006-11","2006-Q4",194100,-0.282328696548171,"2004-07"
2014-11-30,"Holland, MI","MI",169,165700,0.00485142510612492,0.0196923076923077,0.0837148463047744,0.0314971267856465,0.00338129269630127,"2014-11","2014-Q4",165700,0,"2014-11"
2014-11-30,"Santa Cruz, CA","CA",170,635900,0.00920488811299794,0.0253144147049339,0.0754270251987147,0.0374572564510729,0.0000314569278587751,"2006-02","2006-Q1",730200,-0.129142700629964,"2004-12"
2014-11-30,"Cedar Rapids, IA","IA",171,150600,0.00466977985323549,0.0230978260869565,0.085014409221902,0.0161598571019945,0.0272471968259589,"2014-11","2014-Q4",150600,0,"2014-11"
2014-11-30,"Merced, CA","CA",172,179000,0.00901916572717024,0.0334872979214781,0.174540682414698,0.0836255654629949,-0.0340849498529593,"2006-02","2006-Q1",350300,-0.489009420496717,"2003-03"
2014-11-30,"Kennewick, WA","WA",173,178800,0.0136054421768707,0.0353213665315576,0.0751653638003608,0.0267381604301795,0.0283455718313146,"2014-11","2014-Q4",178800,0,"2014-11"
2014-11-30,"Greeley, CO","CO",174,213600,0.0113636363636364,0.0348837209302326,0.141025641025641,0.0556890886389971,0.0149184843936965,"2014-11","2014-Q4",213600,0,"2014-11"
2014-11-30,"Olympia, WA","WA",175,229000,0.00306614104248795,0.00526777875329236,0.0533578656853726,-0.0118790557854883,0.0135818832495058,"2007-05","2007-Q2",265900,-0.138773975178639,"2005-08"
2014-11-30,"Binghamton, NY","NY",176,103800,-0.00288184438040346,-0.0216776625824694,-0.0886742756804214,-0.00900033961708901,0.0274181113107832,"2013-11","2013-Q4",113900,-0.0886742756804214,"2012-10"
2014-11-30,"Bremerton, WA","WA",177,258000,0.00350058343057176,0.0078125,0.0411622276029056,-0.00586439050617849,0.00968229699689571,"2007-07","2007-Q3",311500,-0.171749598715891,"2005-05"
2014-11-30,"Laredo, TX","TX",178,114800,0.00262008733624454,0.0141342756183746,0.107039537126326,0.0308915851431739,0.0261286815078139,"2014-11","2014-Q4",114800,0,"2014-11"
2014-11-30,"Amarillo, TX","TX",179,103000,-0.00193798449612403,-0.00675024108003857,0.005859375,-0.00851590437058458,0.0141481877888141,"2007-12","2007-Q4",108600,-0.0515653775322284,"2007-01"
2014-11-30,"Yakima, WA","WA",180,142400,0.00352360817477097,0.00778485491861288,0.0135231316725979,-0.00125927361995648,0.0170927349195649,"2008-07","2008-Q3",146000,-0.0246575342465753,"2007-07"
2014-11-30,"Waco, TX","TX",181,104900,0.00286806883365201,0.00671785028790787,0.0781089414182939,-0.00506973177474279,0.0125499350749836,"2014-06","2014-Q2",105800,-0.00850661625708885,"2014-05"
2014-11-30,"Topeka, KS","KS",182,97000,0.00622406639004149,0.0167714884696017,-0.00512820512820513,-0.0329661791613983,,"2008-09","2008-Q3",120900,-0.197684036393714,
2014-11-30,"Macon, GA","GA",183,98700,0.00203045685279188,0.00509164969450102,0.163915094339623,-0.00538308791853948,-0.00464119776380623,"2007-05","2007-Q2",119600,-0.174749163879599,"2003-04"
2014-11-30,"Champaign-Urbana, IL","IL",184,127300,0.001573564122738,0.011119936457506,0.0349593495934959,0.000787402550801009,0.00995008397893393,"2008-01","2008-Q1",129200,-0.0147058823529412,"2007-06"
2014-11-30,"College Station, TX","TX",185,146500,0.00136705399863295,0.0124395300621977,0.0145429362880886,0.00527001874744393,0.0159165410012538,"2010-08","2010-Q3",156300,-0.0626999360204735,"2010-02"
2014-11-30,"Appleton, WI","WI",186,140600,0.00142450142450142,0.01078360891445,0.067577828397874,0.00726820689799923,0.00966997661872449,"2014-11","2014-Q4",140600,0,"2014-11"
2014-11-30,"Chico, CA","CA",187,224400,0.00537634408602151,0.0186109850204267,0.0655270655270655,0.00552720094070813,-0.0123917011619065,"2006-04","2006-Q2",300400,-0.252996005326232,"2004-05"
2014-11-30,"Tuscaloosa, AL","AL",188,148300,0.00678886625933469,0.0213498622589532,0.102602230483271,0.018819292905246,0.0148295816273196,"2014-11","2014-Q4",148300,0,"2014-11"
2014-11-30,"Cape Cod, MA","MA",189,362400,0.00554938956714761,0.0179775280898876,0.0422778257118205,0.0130808392880086,-0.0088023385622843,"2005-10","2005-Q4",409300,-0.114585878328854,"2004-02"
2014-11-30,"Burlington, VT","VT",190,251100,-0.000398089171974522,-0.00396667988893296,0.021978021978022,0.00849587107105898,0.00120266016299553,"2005-11","2005-Q4",273900,-0.0832420591456736,"2004-12"
2014-11-30,"Prescott, AZ","AZ",191,231900,0.00476603119584055,0.0184453227931489,0.0746061167747915,0.0189725929786069,0.00797121089853681,"2006-08","2006-Q3",297100,-0.219454729047459,"2005-03"
2014-11-30,"Springfield, IL","IL",192,126800,0.000789265982636148,0.00316455696202532,0.0292207792207792,0.0136316919773847,0.0183672555564482,"2014-04","2014-Q2",128100,-0.0101483216237315,"2014-03"
2014-11-30,"Las Cruces, NM","NM",193,134400,0.000744601638123604,-0.0029673590504451,0.0259541984732824,-0.0399620248716496,0.00759991604400212,"2009-06","2009-Q2",170300,-0.21080446271286,"2005-11"
2014-11-30,"Fargo, ND","ND",194,163800,0.0049079754601227,0.0180236171535115,0.0622568093385214,0.0282525770174213,0.019223722419349,"2014-11","2014-Q4",163800,0,"2014-11"
2014-11-30,"Houma, LA","LA",195,126700,0,0.00237341772151899,-0.00236220472440945,-0.0215764651497975,0.00921077359460365,"2009-08","2009-Q3",142300,-0.109627547434996,"2007-06"
2014-11-30,"Florence, SC","SC",196,91200,-0.00109529025191676,0.0033003300330033,0.0167224080267559,0.00762762251495763,0.0130624827884127,"2014-01","2014-Q1",91500,-0.00327868852459016,"2014-01"
2014-11-30,"Medford, OR","OR",197,212900,0.00566839867737364,0.0220835333653385,0.0834605597964377,0.00887399220594332,-0.00617310491209755,"2006-05","2006-Q2",288300,-0.261533125216788,"2004-09"
2014-11-30,"Lafayette, IN","IN",198,116700,0.000857632933104631,0.00430292598967298,0.0401069518716578,-0.0083553902037965,-0.00451316908825328,"2005-08","2005-Q3",123900,-0.0581113801452785,"2003-07"
2014-11-30,"Bellingham, WA","WA",199,276800,0.00180962721679334,0.00691160421971626,0.0476911430734292,0.00543430450859494,0.0183405278384401,"2007-08","2007-Q3",291600,-0.0507544581618656,"2005-11"
2014-11-30,"Lake Havasu City, AZ","AZ",200,159700,0.00820707070707071,0.0270096463022508,0.0775978407557355,0.0202049204640182,-0.0143315522598454,"2006-06","2006-Q2",240600,-0.336242726517041,"2004-06"
2014-11-30,"Saginaw, MI","MI",201,67000,0.0029940119760479,0.00903614457831325,0.0213414634146341,-0.00872226294867617,-0.029725404464614,"2005-02","2005-Q1",91000,-0.263736263736264,"1997-11"
2014-11-30,"Johnson City, TN","TN",202,123700,0.00243111831442464,0.00732899022801303,0.0206270627062706,-0.00144881484393478,0.0221116338339846,"2010-08","2010-Q3",125700,-0.0159108989657916,"2009-07"
2014-11-30,"Elkhart, IN","IN",203,108500,-0.000920810313075506,-0.00275735294117647,0.00836431226765799,-0.00346597177727703,-0.00623253238924326,"2008-06","2008-Q2",130100,-0.166026133743274,"2003-09"
2014-11-30,"Yuma, AZ","AZ",204,119600,0.00928270042194093,0.0301464254952627,0.0593445527015058,-0.02565936683731,0.000924415102640408,"2006-08","2006-Q3",178300,-0.329220415030847,"2004-12"
2014-11-30,"Racine, WI","WI",205,174000,-0.00114810562571757,-0.00114810562571757,0.0247349823321555,-0.0158810858664757,-0.00770879997467344,"2006-03","2006-Q1",220300,-0.210167952791648,"2004-05"
2014-11-30,"Bloomington, IN","IN",206,130300,-0.00153256704980843,-0.00761614623000762,-0.0268857356235997,0.0144174771825596,0.00553718122731461,"2014-03","2014-Q1",134400,-0.0305059523809524,"2013-10"
2014-11-30,"Athens, GA","GA",207,137500,0.0110294117647059,0.0245901639344262,0.0253542132736764,-0.0107021684479965,-0.00286347241735485,"2006-01","2006-Q1",151300,-0.0912095175148711,"2004-03"
2014-11-30,"Torrington, CT","CT",208,229000,0.00262697022767075,0.00174978127734033,0.0186832740213523,-0.0175518585743415,-0.0129190065178636,"2006-09","2006-Q3",294000,-0.22108843537415,"2003-11"
2014-11-30,"Greenville, NC","NC",209,106800,-0.000935453695042095,-0.00373134328358209,0,-0.00606773989995424,0.00649985699929112,"2009-06","2009-Q2",113600,-0.0598591549295775,"2006-04"
2014-11-30,"Anderson, SC","SC",210,110500,0.0109789569990851,0.0444234404536862,0.0897435897435897,0.00514638473719997,0.0206192343951868,"2014-11","2014-Q4",110500,0,"2014-11"
2014-11-30,"Hilton Head Island, SC","SC",211,255200,0.00275049115913556,0.00949367088607595,0.0727196300966793,-0.0147619271998565,0.00449801846989772,"2006-08","2006-Q3",329000,-0.224316109422492,"2005-03"
2014-11-30,"Hilo, HI","HI",212,312000,0.00807754442649435,0.0273296015805071,0.188571428571429,0.0360239665693118,0.0170771146944171,"2006-06","2006-Q2",366900,-0.149632052330335,"2005-06"
2014-11-30,"Kingston, NY","NY",213,188600,0.00586666666666667,0.0128893662728249,-0.00579862941486558,-0.0207062061883471,-0.0152371741435132,"2006-08","2006-Q3",246000,-0.233333333333333,"2004-01"
2014-11-30,"Daphne, AL","AL",214,184400,0.00217391304347826,0.00381056069678824,-0.0889328063241107,0.0029544228743299,-0.0110637590891629,"2006-06","2006-Q2",254400,-0.275157232704403,"2004-07"
2014-11-30,"Destin, FL","FL",215,177700,-0.000562429696287964,0.00395480225988701,0.0379672897196262,0.00329627519386522,-0.00687926747726952,"2005-11","2005-Q4",258000,-0.311240310077519,"2004-09"
2014-11-30,"Gainesville, GA","GA",216,147900,0.00749318801089918,0.0256588072122053,0.0899042004421518,-0.00067476444731529,-0.00160839784378541,"2007-07","2007-Q3",170800,-0.134074941451991,"2004-09"
2014-11-30,"Jacksonville, NC","NC",217,130300,-0.00306044376434583,-0.0091254752851711,-0.0225056264066016,-0.0228977397180907,0.0199917781332133,"2010-06","2010-Q2",149500,-0.128428093645485,"2006-09"
2014-11-30,"Redding, CA","CA",218,206600,0.00535279805352798,0.0212555610479486,0.0777256129368805,0.00362080129144982,-0.0108869342377849,"2006-03","2006-Q1",283000,-0.269964664310954,"2004-06"
2014-11-30,"Monroe, LA","LA",219,111100,0.00452079566003617,-0.00714924039320822,0.0018034265103697,0.00018011528546058,0.0159926640819696,"2009-07","2009-Q3",124900,-0.11048839071257,"2007-01"
2014-11-30,"Joplin, MO","MO",220,93200,-0.00427350427350427,0.011943539630836,0.0367074527252503,-0.0149688374082594,0.0146309062697449,"2011-12","2011-Q4",107400,-0.132216014897579,"2008-12"
2014-11-30,"El Centro, CA","CA",221,157500,0.00446428571428571,0.0227272727272727,0.15553925165077,0.0297891932078327,-0.0150553868129637,"2006-09","2006-Q3",263000,-0.401140684410646,"2004-04"
2014-11-30,"Columbia, MO","MO",222,146200,0.00205620287868403,0.00274348422496571,0.0368794326241135,-0.00591280377243864,-0.00276195371250465,"2005-03","2005-Q1",154400,-0.0531088082901554,"2004-07"
2014-11-30,"Terre Haute, IN","IN",223,73700,-0.00539811066126856,-0.018641810918775,-0.0199468085106383,0.00273601901807874,-0.0228861315603499,"2005-01","2005-Q1",95600,-0.22907949790795,"2004-02"
2014-11-30,"Muskegon, MI","MI",224,86800,0.00813008130081301,0.028436018957346,0.0585365853658537,0.00875044723844898,-0.0131648570974229,"2007-01","2007-Q1",103200,-0.158914728682171,"2000-08"
2014-11-30,"East Stroudsburg, PA","PA",225,126100,0.00318217979315831,0.00638467677573823,-0.00864779874213836,-0.0522388854177595,-0.0270581823238782,"2006-12","2006-Q4",200400,-0.370758483033932,"2002-08"
2014-11-30,"Bloomington, IL","IL",226,145200,0.00276243093922652,0.0125523012552301,0.028328611898017,0.0018003163265099,0.0099597969665226,"2014-11","2014-Q4",145200,0,"2014-11"
2014-11-30,"Panama City, FL","FL",227,162600,0.00246609124537608,0.00931098696461825,0.0463320463320463,-0.00401033705088061,-0.0191573419140625,"2005-12","2005-Q4",249000,-0.346987951807229,"2004-05"
2014-11-30,"Waterloo, IA","IA",228,122500,-0.00162999185004075,-0.0032546786004882,-0.0377062058130401,0.000326850862437666,0.0225651825635729,"2014-02","2014-Q1",129300,-0.0525908739365816,"2013-04"
2014-11-30,"Oshkosh, WI","WI",229,139000,-0.0014367816091954,-0.00215362526920316,0.025830258302583,0.00290280646762509,0.00419594904140541,"2006-05","2006-Q2",141300,-0.016277423920736,"2006-01"
2014-11-30,"Yuba City, CA","CA",230,203300,0.00494315373208107,0.0175175175175175,0.126940133037694,0.0451772664168375,-0.0182036998128167,"2005-12","2005-Q4",304000,-0.33125,"2004-01"
2014-11-30,"Abilene, TX","TX",231,93700,-0.00319148936170213,0,0.0575620767494357,,,"2014-10","2014-Q4",94000,-0.00319148936170213,"2014-08"
2014-11-30,"Thomasville, NC","NC",232,108900,0.00740055504162812,0.0263901979264844,0.160980810234542,0.00770478185637824,0.0120572383214792,"2014-11","2014-Q4",108900,0,"2014-11"
2014-11-30,"Dover, DE","DE",233,153300,0.0026160889470242,0.0026160889470242,0.0254180602006689,-0.0106124821446957,0.00962269374540203,"2007-06","2007-Q2",183400,-0.16412213740458,"2005-07"
2014-11-30,"Pascagoula, MS","MS",234,110100,-0.00452079566003617,-0.0107816711590297,0.0436018957345972,-0.064545453058803,0.0144342282863774,"2009-08","2009-Q3",157600,-0.301395939086294,"2006-12"
2014-11-30,"Parkersburg, WV","WV",235,96500,-0.0010351966873706,0,0.0466377440347072,0.0266712251067436,0.0241684005986036,"2014-09","2014-Q3",96700,-0.00206825232678387,"2014-08"
2014-11-30,"Eau Claire, WI","WI",236,139100,0.00360750360750361,0.00943396226415094,0.0265682656826568,0.00422263133232481,0.00624828744373884,"2014-02","2014-Q1",146200,-0.0485636114911081,"2013-12"
2014-11-30,"Jackson, MI","MI",237,109700,0.00734618916437098,0.0271535580524345,0.125128205128205,0.0201205017062391,-0.0127343714374054,"2005-12","2005-Q4",129200,-0.150928792569659,"2001-11"
2014-11-30,"Punta Gorda, FL","FL",238,165800,0.00851581508515815,0.034956304619226,0.176721078779276,0.0547660947916413,-0.0159898971422436,"2006-04","2006-Q2",248400,-0.332528180354267,"2004-03"
2014-11-30,"Statesville, NC","NC",239,140000,0,0.0101010101010101,0.0852713178294573,0.0100078800986498,0.0115592948986027,"2008-01","2008-Q1",140500,-0.00355871886120996,"2007-12"
2014-11-30,"Pueblo, CO","CO",240,109500,0.00274725274725275,0.00458715596330275,0.0120147874306839,-0.00697492987969617,-0.00660304202975692,"2007-04","2007-Q2",124600,-0.121187800963082,"2003-11"
2014-11-30,"Billings, MT","MT",241,179600,0.00447427293064877,0,-0.0153508771929825,-0.0246771843439488,0.0232652739090446,"2009-09","2009-Q3",205100,-0.124329595319356,"2008-01"
2014-11-30,"Bend, OR","OR",242,268900,0.0063622754491018,0.014334213504338,0.0975510204081633,0.047516133072373,0.0226698176361062,"2006-09","2006-Q3",346700,-0.224401499855783,"2005-10"
2014-11-30,"Albany, GA","GA",243,103100,0.00194363459669582,0.0177690029615005,0.0488301119023398,-0.0110679922848294,0.007897983856892,"2007-04","2007-Q2",112700,-0.0851818988464951,"2005-05"
2014-11-30,"Vineland, NJ","NJ",244,132000,0.000758150113722517,0.00533130236100533,0.0602409638554217,-0.0241995330173885,0.00602849105724146,"2007-01","2007-Q1",168700,-0.217545939537641,"2005-03"
2014-11-30,"Niles, MI","MI",245,131100,0.00306044376434583,0.00768639508070715,0.078125,0.00307935007105886,0.0131009831397537,"2007-10","2007-Q4",131300,-0.00152322924600152,"2007-10"
2014-11-30,"Kahului, HI","HI",246,527400,0.00209006270188106,0.0024710131153773,0.0800737251689535,0.025945826157616,0.00178068354721805,"2006-05","2006-Q2",647300,-0.185230959369689,"2005-02"
2014-11-30,"State College, PA","PA",247,204100,0.00889767671774592,0.0282115869017632,0.123898678414097,0.0361441716078741,0.0280333528014125,"2014-11","2014-Q4",204100,0,"2014-11"
2014-11-30,"Alexandria, LA","LA",248,128600,0.0102120974076984,0.0312750601443464,0.199626865671642,0.04377940392821,,"2014-11","2014-Q4",128600,0,"2014-11"
2014-11-30,"Hanford, CA","CA",249,156300,0.00773694390715667,0.0202349869451697,0.0854166666666667,-0.00981312586890648,-0.00683740987645121,"2006-06","2006-Q2",226700,-0.310542567269519,"2004-09"
2014-11-30,"Iowa City, IA","IA",250,180800,0.0066815144766147,0.0203160270880361,0.0761904761904762,0.0251294307771552,0.0202885789532705,"2014-11","2014-Q4",180800,0,"2014-11"
2014-11-30,"Rocky Mount, NC","NC",251,78400,0.00512820512820513,0.00512820512820513,0.0439414114513981,-0.0101430816293513,,"2007-04","2007-Q2",103300,-0.241045498547919,
2014-11-30,"Monroe, MI","MI",252,131200,0.0100076982294072,0.025,0.10530749789385,0.00732279515673162,-0.0144133200787043,"2005-11","2005-Q4",157100,-0.164863144493953,"2001-04"
2014-11-30,"Burlington, NC","NC",253,121400,0.00165016501650165,0,0.0227464195450716,0.000825764957235631,0.000910639945482794,"2006-09","2006-Q3",125900,-0.0357426528991263,"2005-03"
2014-11-30,"Madera, CA","CA",254,190900,0.00845219228737454,0.021948608137045,0.134958382877527,0.0280991066797076,-0.0238423424710535,"2007-01","2007-Q1",322300,-0.407694694384114,"2004-02"
2014-11-30,"Chambersburg, PA","PA",255,159300,0.00251730648206419,0.0146496815286624,0.0377850162866449,-0.0147653019176914,,"2009-08","2009-Q3",178500,-0.107563025210084,
2014-11-30,"Pottsville, PA","PA",256,69400,-0.00573065902578797,0,0.0547112462006079,0.00676333344260538,0.0156809397061117,"2014-10","2014-Q4",69800,-0.00573065902578797,"2014-08"
2014-11-30,"Wheeling, OH","OH",257,90500,0.00891861761426979,0.0390355912743972,0.0354691075514874,0.0138142097357532,,"2014-11","2014-Q4",90500,0,"2014-11"
2014-11-30,"Grand Junction, CO","CO",258,177200,0.00169587337478802,0.00624645088018171,0.00968660968660969,-0.0223477368609173,0.0129537730093641,"2008-04","2008-Q2",223500,-0.207158836689038,"2006-02"
2014-11-30,"Concord, NH","NH",259,206500,0.00340136054421769,0.0097799511002445,0.0627895007720021,-0.000676590606129457,-0.00989905033053295,"2006-03","2006-Q1",246600,-0.162611516626115,"2004-03"
2014-11-30,"Santa Fe, NM","NM",260,285300,-0.00488315312173003,-0.0165460186142709,-0.00244755244755245,-0.0483376716234108,0.0177378053208701,"2009-06","2009-Q2",403700,-0.293287094377013,"2006-08"
2014-11-30,"Hattiesburg, MS","MS",261,131800,0,0.00687547746371276,0.0280811232449298,-0.0118575899756175,0.0239722967463447,"2009-08","2009-Q3",141000,-0.0652482269503546,"2007-06"
2014-11-30,"Dalton, GA","GA",262,100400,0.0141414141414141,0.0382626680455016,0.0318602261048304,-0.00237344449329424,-0.00745399605732877,"2006-02","2006-Q1",121100,-0.170933113129645,"2003-01"
2014-11-30,"Homosassa Springs, FL","FL",263,103100,0.00194363459669582,0.00782013685239492,0.0393145161290323,-0.0287665211288137,-0.0271723863298173,"2006-05","2006-Q2",181000,-0.430386740331492,"2003-04"
2014-11-30,"Warner Robins, GA","GA",264,106300,-0.00093984962406015,-0.00374882849109653,-0.00654205607476636,-0.00932862430351378,0.00775234313618767,"2007-05","2007-Q2",114500,-0.0716157205240175,"2006-04"
2014-11-30,"Valdosta, GA","GA",265,120900,0.00582362728785358,0.0125628140703518,-0.0620636152055857,-0.018305053525846,-0.00163938064022484,"2008-07","2008-Q3",148100,-0.183659689399055,"2004-11"
2014-11-30,"Salisbury, NC","NC",266,119200,0.00252312867956266,0.00336700336700337,0,-0.00512169676701724,-0.00377930095949919,"2006-02","2006-Q1",132400,-0.0996978851963746,"2004-05"
2014-11-30,"Springfield, OH","OH",267,89300,-0.00111856823266219,0.00676437429537768,0.0136208853575482,-0.0127141739899844,-0.00935455918570349,"2006-02","2006-Q1",102800,-0.131322957198444,"2001-07"
2014-11-30,"St. George, UT","UT",268,205400,-0.000972762645914397,-0.00339640950994663,0.052793439261917,-0.0349603080710807,0.023641748105651,"2007-03","2007-Q1",283100,-0.274461321087955,"2005-11"
2014-11-30,"Vero Beach, FL","FL",269,152900,0.00393959290873276,0.0152722443559097,0.0898075552387741,0.0211621499795123,-0.023375114345753,"2006-04","2006-Q2",244100,-0.373617369930356,"2004-02"
2014-11-30,"Morristown, TN","TN",270,112200,0.00718132854578097,0.0181488203266788,0.050561797752809,0.00360369703218555,0.0201586928015722,"2007-09","2007-Q3",115100,-0.0251954821894005,"2007-03"
2014-11-30,"Napa, CA","CA",271,494400,0.00528670191134608,0.0236024844720497,0.0923552806009722,0.0362334208570079,-0.0101137279808157,"2006-11","2006-Q4",615700,-0.19701153159006,"2004-05"
2014-11-30,"Tupelo, MS","MS",272,113200,-0.00088261253309797,-0.00352112676056338,0.0679245283018868,0.00666845912265823,0.0231996707971029,"2008-06","2008-Q2",121700,-0.0698438783894823,"2007-11"
2014-11-30,"Battle Creek, MI","MI",273,88500,0.00454029511918275,0.0207612456747405,0.0448642266824085,0.00762917864374169,-0.0174173730423872,"2006-12","2006-Q4",108600,-0.185082872928177,"2001-06"
2014-11-30,"Texarkana, TX","TX",274,90400,-0.00440528634361234,-0.0205850487540628,-0.0454065469904963,-0.00132217298183368,-0.00578504357647436,"2005-06","2005-Q2",102900,-0.121477162293489,"2004-01"
2014-11-30,"Jamestown, NY","NY",275,73000,-0.00136798905608755,0,-0.053177691309987,-0.00405967400037099,0.00786394397822598,"2013-08","2013-Q3",78800,-0.0736040609137056,"2008-08"
2014-11-30,"Eureka, CA","CA",276,247600,0.00242914979757085,0.00896495517522412,0.0394626364399664,-0.0110157312903498,-0.00456807682007432,"2007-11","2007-Q4",324800,-0.237684729064039,"2004-09"
2014-11-30,"Flagstaff, AZ","AZ",277,281600,0.00284900284900285,0.00571428571428571,0.065052950075643,0.00629617743257627,0.0125829857502366,"2006-07","2006-Q3",352900,-0.20204023802777,"2005-06"
2014-11-30,"Wausau, WI","WI",278,124100,0.000806451612903226,-0.00160901045856798,0.0411073825503356,0.00129429328357422,0.008525057471505,"2008-09","2008-Q3",125500,-0.0111553784860558,"2008-08"
2014-11-30,"La Crosse, WI","WI",279,139300,0.00143781452192667,0.00505050505050505,0.109076433121019,0.0235425139174279,0.0260618521338165,"2014-11","2014-Q4",139300,0,"2014-11"
2014-11-30,"Lebanon, PA","PA",280,151800,-0.0019723865877712,-0.00524246395806029,0.027758970886933,-0.000657462764496186,0.0143821263343245,"2008-11","2008-Q4",162100,-0.0635410240592227,"2007-01"
2014-11-30,"Anderson, IN","IN",281,70500,0.00858369098712446,0.0187861271676301,0.087962962962963,-0.0022541790343088,-0.0299968994280732,"2005-03","2005-Q1",96000,-0.265625,"1998-04"
2014-11-30,"Sierra Vista, AZ","AZ",282,127800,0.00235294117647059,0.00471698113207547,-0.0154083204930663,-0.0362344522891485,-0.000856669649027197,"2006-11","2006-Q4",172300,-0.258270458502612,"2004-11"
2014-11-30,"Idaho Falls, ID","ID",283,133600,0.00149925037481259,0.00906344410876133,0.108713692946058,-0.0221073720232564,0.0153699447729319,"2008-07","2008-Q3",165500,-0.192749244712991,"2006-03"
2014-11-30,"Morgantown, WV","WV",284,125000,-0.00159744408945687,-0.0134175217048145,-0.100071994240461,-0.0474575497766664,,"2009-11","2009-Q4",159400,-0.215809284818068,
2014-11-30,"Glens Falls, NY","NY",285,150300,-0.00397614314115308,-0.0124835742444152,-0.0408423739629866,-0.0111910896986919,0.013144563830972,"2007-11","2007-Q4",169600,-0.113797169811321,"2005-12"
2014-11-30,"Winchester, VA","VA",286,198500,0.00863821138211382,0.0247805885389778,0.12400906002265,0.0316049715655671,-0.0056160139605087,"2006-04","2006-Q2",266100,-0.254039834648628,"2004-09"
2014-11-30,"Altoona, PA","PA",287,111200,-0.008028545941124,-0.008028545941124,0.13469387755102,0.0443747190000965,,"2014-09","2014-Q3",112800,-0.0141843971631206,"2014-08"
2014-11-30,"Salisbury, MD","MD",288,124100,0.00323362974939369,0.010586319218241,0.0866900175131348,-0.0318485551617834,0.00336524470714306,"2007-11","2007-Q4",161500,-0.231578947368421,"2005-01"
2014-11-30,"Weirton, OH","OH",289,65200,0.0171606864274571,0.0533117932148627,0.0155763239875389,-0.0185528579865997,-0.00492525857392723,"2006-05","2006-Q2",74600,-0.126005361930295,"2003-09"
2014-11-30,"Lawton, OK","OK",290,75600,0,0.00934579439252336,0.0134048257372654,-0.0149169704589371,0.0142891869336983,"2009-02","2009-Q1",82600,-0.0847457627118644,"2006-06"
2014-11-30,"Sherman, TX","TX",291,95900,0.00524109014675052,0.0300751879699248,0.145758661887694,0.020375217167655,0.0151646020518161,"2014-11","2014-Q4",95900,0,"2014-11"
2014-11-30,"Elizabethtown, KY","KY",292,122200,0.00246103363412633,0.00658978583196046,0.00246103363412633,0.00701940579994753,,"2014-05","2014-Q2",122800,-0.00488599348534202,"2014-04"
2014-11-30,"Willimantic, CT","CT",293,169900,0.00295159386068477,0.00532544378698225,-0.0179190751445087,-0.0254765254474704,-0.0159814529898328,"2006-10","2006-Q4",232800,-0.270189003436426,"2003-09"
2014-11-30,"Mount Vernon, WA","WA",294,228700,0.00926743159752868,0,0.133862171541894,0.0036245646498172,0.0234411813657918,"2007-08","2007-Q3",251100,-0.0892074870569494,"2006-03"
2014-11-30,"Albany, OR","OR",295,159300,0.00695322376738306,0.0218088518280949,0.0676943699731904,-0.00087653528188214,0.0166138982006496,"2007-11","2007-Q4",174900,-0.0891938250428816,"2006-06"
2014-11-30,"Watertown, NY","NY",296,130000,0.00386100386100386,0.00775193798449612,0,0.00547335282038075,0.0488345418010825,"2012-12","2012-Q4",135200,-0.0384615384615385,"2011-07"
2014-11-30,"Cleveland, TN","TN",297,132200,0.00762195121951219,0.0153609831029186,0.0336200156372166,0.00949291143560149,0.0184610244660977,"2014-11","2014-Q4",132200,0,"2014-11"
2014-11-30,"Sheboygan, WI","WI",298,122300,0.00245901639344262,0.00493015612161052,0,-0.012744019758952,-0.00407713586529423,"2008-01","2008-Q1",137100,-0.107950401167031,"2004-05"
2014-11-30,"Jackson, TN","TN",299,94900,0.00211193241816262,0.00850159404888417,0.0226293103448276,-0.00701534110638435,0.00509235001819763,"2008-03","2008-Q1",100400,-0.0547808764940239,"2005-07"
2014-11-30,"Dunn, NC","NC",300,141900,0.000705218617771509,-0.0028109627547435,-0.00630252100840336,-0.00458734946786798,0.0126806427416932,"2008-10","2008-Q4",146400,-0.0307377049180328,"2007-03"
2014-11-30,"Wooster, OH","OH",301,125200,0.00643086816720257,0.0187144019528072,0.0313014827018122,0.0162591502148806,0.000320051478616357,"2007-02","2007-Q1",128900,-0.0287044220325834,"2005-02"
2014-11-30,"Kankakee, IL","IL",302,118500,0.00594227504244482,0.0197934595524957,0.0762942779291553,-0.0198570714817982,0.00118917550629027,"2012-07","2012-Q3",140300,-0.155381325730577,"2004-12"
2014-11-30,"Brunswick, GA","GA",303,150100,0.00873655913978495,0.0280821917808219,0.0309065934065934,-0.0315550081118533,,"2009-08","2009-Q3",185300,-0.189962223421479,
2014-11-30,"Ogdensburg, NY","NY",304,75100,0.00267022696929239,0.0121293800539084,-0.0144356955380577,0.0121481942734429,0.0294146916507119,"2013-10","2013-Q4",76300,-0.0157273918741809,"2013-03"
2014-11-30,"Allegan, MI","MI",305,144100,0.00138985406532314,0.00418118466898955,0.0810202550637659,0.0278621367237464,0.000626721155580601,"2005-08","2005-Q3",146800,-0.0183923705722071,"2005-01"
2014-11-30,"Wenatchee, WA","WA",306,221000,0.0063752276867031,0.00959342165372316,0.0564053537284895,-0.00551831491901322,,"2009-08","2009-Q3",232700,-0.0502793296089385,
2014-11-30,"Lawrence, KS","KS",307,161300,0.00373366521468575,0.00186335403726708,0.0611842105263158,-0.0191798308231723,0.00715530229393457,"2009-06","2009-Q2",188900,-0.146109052408682,"2006-06"
2014-11-30,"Missoula, MT","MT",308,231800,-0.00301075268817204,-0.00343938091143594,0.0618415025194686,-0.0140551766058995,0.0255004717740441,"2009-06","2009-Q2",269700,-0.140526510938079,"2008-08"
2014-11-30,"Bismarck, ND","ND",309,255400,0.00393081761006289,0.00948616600790514,0.146834306241581,0.0845567145504442,0.0666246336038594,"2014-11","2014-Q4",255400,0,"2014-11"
2014-11-30,"East Liverpool, OH","OH",310,70500,-0.00141643059490085,-0.00704225352112676,-0.019471488178025,0.00171087399344749,-0.0068285732533222,"2006-01","2006-Q1",83100,-0.151624548736462,"1998-09"
2014-11-30,"Bay City, MI","MI",311,83200,-0.00359281437125748,-0.0071599045346062,0.00361881785283474,0.000481463872654464,-0.018322301580967,"2005-07","2005-Q3",102900,-0.191448007774538,"2000-08"
2014-11-30,"Roseburg, OR","OR",312,144800,0.00207612456747405,0.00765483646485734,0.0608058608058608,-0.00729610512321066,0.012964010949829,"2007-10","2007-Q4",169900,-0.14773396115362,"2005-07"
2014-11-30,"Sumter, SC","SC",313,81800,0.00615006150061501,0.00863131935881628,-0.00607533414337789,0.0116428133372994,0.0144034249308291,"2013-08","2013-Q3",83500,-0.0203592814371257,"2013-05"
2014-11-30,"Show Low, AZ","AZ",314,157400,0.0038265306122449,0.0167958656330749,0.0900277008310249,-0.00574463596251562,0.00706490459801246,"2007-06","2007-Q2",228200,-0.310254163014899,"2005-05"
2014-11-30,"Lima, OH","OH",315,87100,-0.00114678899082569,0.00230149597238205,0.0557575757575758,-0.00273290355160216,-0.00148041168643187,"2006-06","2006-Q2",91700,-0.0501635768811341,"2004-08"
2014-11-30,"Cookeville, TN","TN",316,108600,0.00369685767097967,0.0168539325842697,0.06158357771261,0.0100570417866115,0.0258961097335999,"2014-11","2014-Q4",108600,0,"2014-11"
2014-11-30,"Lexington Park, MD","MD",317,265500,0.000376789751318764,0.00188679245283019,0.0195852534562212,-0.00972833820352326,0.00467545326185936,"2007-05","2007-Q2",336200,-0.210291493158834,"2005-01"
2014-11-30,"Gadsden, AL","AL",318,77400,0,-0.010230179028133,-0.159609120521173,-0.0368835140066942,-0.00648119585038853,"2009-04","2009-Q2",105600,-0.267045454545455,"1999-10"
2014-11-30,"Cumberland, MD","MD",319,92700,-0.00536480686695279,-0.0283018867924528,-0.0711422845691383,-0.0223655967387466,0.025734786644583,"2009-05","2009-Q2",109600,-0.154197080291971,"2007-08"
2014-11-30,"Longview, WA","WA",320,168200,0.004778972520908,0.00658288450029922,0.0357142857142857,-0.00698555019474045,0.0185205492679814,"2007-09","2007-Q3",200200,-0.15984015984016,"2005-11"
2014-11-30,"Whitewater, WI","WI",321,183500,0.0115766262403528,0.03789592760181,0.199346405228758,0.0182921852840294,0.0163683839067659,"2007-05","2007-Q2",186500,-0.0160857908847185,"2007-02"
2014-11-30,"Fond du Lac, WI","WI",322,130500,0.00384615384615385,0.0116279069767442,0.0829875518672199,0.00978258534792764,0.00994867444332548,"2007-02","2007-Q1",133100,-0.019534184823441,"2006-11"
2014-11-30,"Ithaca, NY","NY",323,192500,0.00574712643678161,0.0163674762407603,0.0530634573304158,0.0365134404367498,0.0330981726403397,"2014-11","2014-Q4",192500,0,"2014-11"
2014-11-30,"Ashtabula, OH","OH",324,79900,0.00376884422110553,0,-0.00249687890137328,-0.0157483888550836,-0.0124891905888894,"2006-12","2006-Q4",95200,-0.160714285714286,"2002-05"
2014-11-30,"Tullahoma, TN","TN",325,119100,0.00506329113924051,0.0110356536502547,0.0530503978779841,0.0120076161273877,0.0244954054452378,"2014-11","2014-Q4",119100,0,"2014-11"
2014-11-30,"Adrian, MI","MI",326,110900,0.0100182149362477,0.0230627306273063,0.137435897435897,0.0433447153006683,-0.0180817112524758,"2005-06","2005-Q2",137100,-0.191101385849745,"2000-08"
2014-11-30,"Twin Falls, ID","ID",327,139100,-0.000718390804597701,0.00288392213410238,0.0326651818856719,-0.00620903105697534,,"2006-08","2006-Q3",179300,-0.224205242610151,
2014-11-30,"Corning, NY","NY",328,82500,0,-0.0190249702734839,-0.0944017563117454,0.00617330854277909,0.0175882214608742,"2013-12","2013-Q4",91200,-0.0953947368421053,"2010-12"
2014-11-30,"Sebring, FL","FL",329,82400,0,0.0110429447852761,0.10752688172043,-0.0372055577101852,-0.0276777004578244,"2006-07","2006-Q3",165600,-0.502415458937198,"2003-10"
2014-11-30,"Truckee, CA","CA",330,375500,0.00697237865379458,0.0228820484881504,0.10052754982415,0.0137014584467343,-0.0106886824054639,"2006-02","2006-Q1",501600,-0.251395534290271,"2004-06"
2014-11-30,"Kokomo, IN","IN",331,84900,0.00117924528301887,0,0.0417177914110429,0.0178817652101702,-0.0163346776044745,"2005-06","2005-Q2",103300,-0.178121974830591,"1999-01"
2014-11-30,"Ocean City, NJ","NJ",332,336100,0.00328358208955224,0.0135705669481303,0.0379864113650401,-0.00578918577303977,-0.012305124693798,"2006-02","2006-Q1",434600,-0.226645190980212,"2004-03"
2014-11-30,"Rome, GA","GA",333,103100,0.00487329434697856,0.0137659783677483,0.0531154239019408,0.00234423358774838,-0.00627633481276013,"2007-09","2007-Q3",131400,-0.215372907153729,
2014-11-30,"Hot Springs, AR","AR",334,131800,0.00228136882129278,0.0053394355453852,0.050199203187251,0.0106506960776971,0.0299701544398243,"2009-02","2009-Q1",135200,-0.0251479289940828,"2008-11"
2014-11-30,"Palm Coast, FL","FL",335,171100,-0.00116754232340922,0.00587889476778366,0.0870393900889454,0.0263985158208566,-0.0173852514766336,"2006-07","2006-Q3",261500,-0.345697896749522,"2004-02"
2014-11-30,"Sunbury, PA","PA",336,92400,0.0278086763070078,0.088339222614841,0.125456760048721,0.034995531682108,0.000325256423041154,"2008-05","2008-Q2",112000,-0.175,"2005-02"
2014-11-30,"Dubuque, IA","IA",337,139500,0.00143575017946877,0.00649350649350649,0.0472972972972973,0.0207272179560269,0.0263998368538159,"2014-11","2014-Q4",139500,0,"2014-11"
2014-11-30,"The Villages, FL","FL",338,232700,0.00388265746333046,0.0157136621562636,0.118212397885632,0.0407219092093167,0.0230940055793689,"2007-01","2007-Q1",236300,-0.015234870926788,"2006-09"
2014-11-30,"Albertville, AL","AL",339,105700,0.00284629981024668,0.00666666666666667,0.0434353405725568,0.0217902516019211,0.0198951492107373,"2014-11","2014-Q4",105700,0,"2014-11"
2014-11-30,"New Philadelphia, OH","OH",340,101500,0.00894632206759443,0.024217961654894,0.102062975027144,0.0247972259053568,0.00921920313756575,"2014-11","2014-Q4",101500,0,"2014-11"
2014-11-30,"Orangeburg, SC","SC",341,73400,-0.00271739130434783,-0.005420054200542,-0.0405228758169935,-0.0199956438823933,-0.000407803183150701,"2009-02","2009-Q1",87200,-0.158256880733945,"2004-11"
2014-11-30,"Cheyenne, WY","WY",342,178600,0.00449943757030371,0.00903954802259887,0.0288018433179724,-0.0141596938464714,0.0136212007750969,"2009-06","2009-Q2",192600,-0.0726895119418484,"2007-06"
2014-11-30,"New Castle, PA","PA",343,85700,-0.00464576074332172,-0.00232828870779977,0.0945083014048531,0.01310172617465,,"2008-10","2008-Q4",106500,-0.195305164319249,
2014-11-30,"Sevierville, TN","TN",344,157000,0.00255427841634738,0.00770218228498075,0.04736490993996,-0.00489542787217367,0.00450452166450521,"2007-04","2007-Q2",177400,-0.114994363021421,"2005-09"
2014-11-30,"Moses Lake, WA","WA",345,113200,0.000884173297966401,0.00801424755120214,0.0170709793351303,0.00796048376782332,0.0370200887378846,"2009-04","2009-Q2",113300,-0.00088261253309797,"2009-03"
2014-11-30,"Elmira, NY","NY",346,86300,0,-0.00918484500574053,-0.0432372505543237,0.00978239708027617,0.0215927490114263,"2013-04","2013-Q2",94300,-0.0848356309650053,"2011-01"
2014-11-30,"Beaver Dam, WI","WI",347,131200,-0.00228136882129278,0.00305810397553517,0.0684039087947883,-0.00242133593202043,-0.000304367908809833,"2007-10","2007-Q4",142700,-0.0805886475122635,"2004-11"
2014-11-30,"Southern Pines, NC","NC",348,177100,0.00226372382569327,0.0056785917092561,0.118761844598863,0.0352965640829492,,"2007-10","2007-Q4",188100,-0.0584795321637427,
2014-11-30,"Ukiah, CA","CA",349,330600,0.0178571428571429,0.033125,0.131804176651832,0.0133430843824809,-0.0125489441882228,"2006-12","2006-Q4",447400,-0.261063924899419,"2004-07"
2014-11-30,"Pendleton, OR","OR",350,147600,0.000677966101694915,0.00408163265306122,0.0672451193058568,0.0249322748401239,0.0327872438247327,"2014-11","2014-Q4",147600,0,"2014-11"
2014-11-30,"Corvallis, OR","OR",351,271600,0.000368324125230203,0.00295420974889217,0.0450173143516737,0.0147710829355709,0.0316950303357808,"2014-11","2014-Q4",271600,0,"2014-11"
2014-11-30,"Bloomsburg, PA","PA",352,128700,0.00311769290724864,0.0133858267716535,0.0263157894736842,-0.000155327749030265,0.0288932521176293,"2010-04","2010-Q2",133700,-0.037397157816006,"2009-11"
2014-11-30,"Watertown, WI","WI",353,169300,0.00713860797144557,0.0204942736588306,0.0965025906735751,0.0136548339350839,0.00958254621092092,"2014-11","2014-Q4",169300,0,"2014-11"
2014-11-30,"Grants Pass, OR","OR",354,188900,0.00105988341282459,0.0107009095773141,0.0819014891179839,-0.00241751830638703,-0.00499498109472452,"2006-03","2006-Q1",253800,-0.255713159968479,"2004-08"
2014-11-30,"Plattsburgh, NY","NY",355,120300,0.00333611342785655,0.0229591836734694,0.0608465608465608,0.0102849405647021,0.0189597914208628,"2014-11","2014-Q4",120300,0,"2014-11"
2014-11-30,"DuBois, PA","PA",356,81000,0.00371747211895911,0.0292249047013977,0.175616835994194,0.019900469700834,0.0289322334684525,"2008-01","2008-Q1",82700,-0.0205562273276904,"2007-09"
2014-11-30,"Manitowoc, WI","WI",357,104100,-0.00478011472275335,-0.0132701421800948,-0.00573065902578797,-0.0086106776234558,0.00452966118612674,"2012-09","2012-Q3",113100,-0.0795755968169761,"2005-06"
2014-11-30,"Great Falls, MT","MT",358,151700,0.00330687830687831,0.0174379610999329,0.0512820512820513,-0.0108444005523147,0.0290730047252508,"2009-06","2009-Q2",162500,-0.0664615384615385,"2008-10"
2014-11-30,"Columbia, TN","TN",359,128400,0.00784929356357928,0.0304975922953451,0.10594315245478,0.0258817785334826,0.0254156786834308,"2014-11","2014-Q4",128400,0,"2014-11"
2014-11-30,"Cullman, AL","AL",360,105200,-0.000949667616334283,0.00573613766730402,-0.172955974842767,-0.00597503578885372,,"2012-12","2012-Q4",146300,-0.28092959671907,
2014-11-30,"Olean, NY","NY",361,71400,-0.00418410041841004,-0.00418410041841004,-0.00418410041841004,-0.00277782070555044,0.0111596603819213,"2010-08","2010-Q3",74000,-0.0351351351351351,"2009-09"
2014-11-30,"Auburn, NY","NY",362,111000,0.00634632819582956,0.0146252285191956,0.0268270120259019,-0.00125651088087553,0.02222036174347,"2009-12","2009-Q4",112100,-0.00981266726137377,"2009-11"
2014-11-30,"Portsmouth, OH","OH",363,59000,0.0068259385665529,0.0172413793103448,0.0498220640569395,-0.0117756843180469,-0.0133688478250903,"2008-05","2008-Q2",80000,-0.2625,"2000-09"
2014-11-30,"Oak Harbor, WA","WA",364,274600,0.00145878920495988,0.00696736340300697,0.035835533760845,-0.0161565334337469,0.0130113728160308,"2006-12","2006-Q4",331300,-0.171143978267431,"2005-08"
2014-11-30,"Lincolnton, NC","NC",365,158700,0.00189393939393939,0.00126182965299685,0.0345501955671447,0.00906297049075544,0.0161551522371941,"2014-11","2014-Q4",158700,0,"2014-11"
2014-11-30,"Hinesville, GA","GA",366,111300,-0.00625,-0.0097864768683274,-0.145817344589409,-0.0466099821128481,0.00916027314855072,"2010-01","2010-Q1",146300,-0.239234449760766,"2005-07"
2014-11-30,"Somerset, PA","PA",367,101100,-0.0107632093933464,-0.0126953125,-0.0334608030592734,0.00139054967262031,0.0224135903364615,"2010-09","2010-Q3",123200,-0.179383116883117,"2010-04"
2014-11-30,"Warsaw, IN","IN",368,140400,0.0196078431372549,0.0392301998519615,0.100313479623824,0.0226915707103557,0.0104798513168023,"2014-11","2014-Q4",140400,0,"2014-11"
2014-11-30,"Keene, NH","NH",369,174600,0.000573065902578797,0.0046029919447641,0.087173100871731,0.00265561990250651,-0.00392316647171842,"2007-02","2007-Q1",203500,-0.142014742014742,"2004-07"
2014-11-30,"Sandusky, OH","OH",370,122700,0.00904605263157895,0.0157284768211921,0.0829655781112092,0.0268032147258552,-0.00453051009032512,"2005-03","2005-Q1",132100,-0.0711582134746404,"2004-01"
2014-11-30,"Searcy, AR","AR",371,113700,0.00441696113074205,0.0188172043010753,0.183142559833507,0.0348537818433079,0.0355202822626204,"2014-11","2014-Q4",113700,0,"2014-11"
2014-11-30,"Columbus, IN","IN",372,126100,-0.000792393026941363,0.00960768614891913,0.126899016979446,0.0203802571140004,0.0134771405233021,"2014-10","2014-Q4",126200,-0.000792393026941363,"2014-10"
2014-11-30,"Lancaster, SC","SC",373,129900,-0.0083969465648855,-0.0262368815592204,-0.0247747747747748,-0.00500480092550826,0.0134984339704345,"2009-07","2009-Q3",136700,-0.049743964886613,"2008-11"
2014-11-30,"Centralia, WA","WA",374,147900,0.00203252032520325,0.0068073519400953,0.0415492957746479,-0.0109873666140126,0.0132178210215377,"2008-03","2008-Q1",174600,-0.152920962199313,"2005-11"
2014-11-30,"Casper, WY","WY",375,180900,0.00388457269700333,0.00444197667962243,0.0426512968299712,-0.0088271267759521,0.0343913631358033,"2008-02","2008-Q1",200000,-0.0955,"2007-03"
2014-11-30,"Palatka, FL","FL",376,84900,0.00592417061611374,-0.00585480093676815,0.0228915662650602,-0.0656140769613149,-0.0139446071270204,"2006-11","2006-Q4",139600,-0.391833810888252,"2004-03"
2014-11-30,"Seneca, SC","SC",377,140200,0.00142857142857143,-0.00284495021337127,0.0400593471810089,-0.00766640973730681,,"2010-01","2010-Q1",146700,-0.0443081117927744,
2014-11-30,"Key West, FL","FL",378,459300,0.00878541620909291,0.0227120908483634,0.121611721611722,0.0266003233312138,-0.0262875436840661,"2005-10","2005-Q4",726400,-0.367703744493392,"2003-12"
2014-11-30,"Aberdeen, WA","WA",379,116800,0.000856898029134533,0.00257510729613734,0.0428571428571429,-0.0252025510070486,0.0246009091776143,"2007-09","2007-Q3",141500,-0.174558303886926,"2005-08"
2014-11-30,"Grand Island, NE","NE",380,134700,0.00522388059701493,0.0243346007604563,0.157216494845361,0.0620243821749831,0.040917010626188,"2014-11","2014-Q4",134700,0,"2014-11"
2014-11-30,"Muskogee, OK","OK",381,70600,-0.00981767180925666,0.0382352941176471,0.131410256410256,0.0419031985370302,0.044224605133266,"2014-10","2014-Q4",71300,-0.00981767180925666,"2014-09"
2014-11-30,"Owosso, MI","MI",382,98600,0.0154479917610711,0.0478214665249734,0.121729237770193,0.0188731454735365,,"2014-11","2014-Q4",98600,0,"2014-11"
2014-11-30,"Galesburg, IL","IL",383,70300,0.0100574712643678,0.00285306704707561,-0.0576407506702413,-0.0356702834538901,,"2010-03","2010-Q1",87500,-0.196571428571429,
2014-11-30,"Statesboro, GA","GA",384,141000,0.00786275911365261,0.0239651416122004,0.0904872389791183,0.00547899008253805,-0.00663103851320701,"2007-06","2007-Q2",177200,-0.204288939051919,"2004-03"
2014-11-30,"Marion, IN","IN",385,67700,-0.00147492625368732,-0.0159883720930233,0.0226586102719033,0.00693673273601658,-0.0262156367026546,"2004-11","2004-Q4",88300,-0.233295583238958,"2000-03"
2014-11-30,"Minot, ND","ND",386,210200,0.000475963826749167,0.00718735026353618,-0.051871898962562,,,"2013-06","2013-Q2",224500,-0.0636971046770601,"2012-12"
2014-11-30,"Shawnee, OK","OK",387,87200,0.00114810562571757,-0.0045662100456621,0.0725707257072571,0.0765639541962195,0.0475471813863706,"2014-07","2014-Q3",87900,-0.00796359499431172,"2014-04"
2014-11-30,"Richmond, IN","IN",388,74600,0.00403768506056528,0.00134228187919463,0.0581560283687943,-0.0029232496075372,-0.0198909509694075,"2005-03","2005-Q1",94900,-0.21390937829294,"2000-10"
2014-11-30,"Greeneville, TN","TN",389,82700,0,0.00364077669902913,0.096816976127321,0.009452066105478,0.0168121966958343,"2014-11","2014-Q4",82700,0,"2014-11"
2014-11-30,"Lake City, FL","FL",390,107000,-0.000933706816059757,0.0028116213683224,0.0562685093780849,-0.0287464334249883,0.00578751508846187,"2006-11","2006-Q4",150500,-0.289036544850498,"2005-01"
2014-11-30,"Kapaa, HI","HI",391,489800,0.00802634286890307,0.0363944138806602,0.10042687036621,0.0267667904750755,0.00443456555749244,"2006-05","2006-Q2",596500,-0.178876781223806,"2005-02"
2014-11-30,"LaGrange, GA","GA",392,114200,0.0088339222614841,0.0334841628959276,0.30365296803653,0.0224522656563919,0.0255911117852066,"2008-11","2008-Q4",115200,-0.00868055555555556,"2008-11"
2014-11-30,"Morehead City, NC","NC",393,196500,-0.0030441400304414,-0.00606980273141123,0.0134089736977824,-0.0248969895451722,0.0137600524628407,"2007-03","2007-Q1",243200,-0.192023026315789,"2005-08"
2014-11-30,"Klamath Falls, OR","OR",394,138400,0,-0.000722021660649819,0.039039039039039,-0.00512263719634332,0.0079211410060398,"2006-09","2006-Q3",180400,-0.232815964523282,"2005-03"
2014-11-30,"Clearlake, CA","CA",395,176100,0.00341880341880342,0.0208695652173913,0.130295250320924,-0.0115162292680994,-0.0335021960759796,"2007-03","2007-Q1",307200,-0.4267578125,"2003-07"
2014-11-30,"Elizabeth City, NC","NC",396,139600,-0.00427960057061341,0,-0.0379048931771192,-0.0217190581773501,0.00188179480775386,"2008-06","2008-Q2",185600,-0.247844827586207,"2005-09"
2014-11-30,"Red Bluff, CA","CA",397,145100,0.00763888888888889,0.0320056899004267,0.02689313517339,0.0465064651153559,-0.00463496135566888,"2005-10","2005-Q4",166600,-0.129051620648259,"2004-09"
2014-11-30,"Coos Bay, OR","OR",398,153500,0.00195822454308094,0.00986842105263158,0.0138705416116248,-0.0121803862706719,0.00853024461493201,"2007-04","2007-Q2",194300,-0.209984559958827,"2005-04"
2014-11-30,"Ruston, LA","LA",399,146400,0.0075705437026841,0.012448132780083,-0.103490508266993,0.00970236575513406,0.0137596888619553,"2014-02","2014-Q1",171000,-0.143859649122807,"2011-05"
2014-11-30,"Oneonta, NY","NY",400,112600,-0.00705467372134039,-0.0165938864628821,-0.0079295154185022,-0.0091568368400573,0.0267204878530107,"2009-04","2009-Q2",124400,-0.0948553054662379,"2007-08"
2014-11-30,"Baraboo, WI","WI",401,165800,0.00790273556231003,0.01468788249694,0.0215650030807147,-0.0292194904093722,0.00381842745760652,"2010-01","2010-Q1",198900,-0.166415284062343,"2005-06"
2014-11-30,"Rutland, VT","VT",402,154600,0,0.0117801047120419,-0.0911228689006467,-0.0247070664770253,,"2009-06","2009-Q2",182000,-0.150549450549451,
2014-11-30,"Sturgis, MI","MI",403,104800,0.00672430355427474,0.0106075216972035,0.101997896950578,0.0552266558932495,0.0148907289067377,"2014-11","2014-Q4",104800,0,"2014-11"
2014-11-30,"Fremont, OH","OH",404,109400,0.00274977085242896,0.0176744186046512,0.17381974248927,0.0447339054508604,0.0105507044428699,"2005-12","2005-Q4",112500,-0.0275555555555556,"2005-09"
2014-11-30,"Lewiston, ID","ID",405,164000,0.00244498777506112,-0.00364520048602673,0.025,-0.00971057771313766,0.0250932831395845,"2009-07","2009-Q3",180600,-0.0919158361018826,"2008-01"
2014-11-30,"Shelton, WA","WA",406,200500,-0.00248756218905473,-0.00149402390438247,0.0710470085470085,-0.0193701093447048,0.0136378593975244,"2007-02","2007-Q1",250700,-0.200239329876346,"2005-07"
2014-11-30,"Albemarle, NC","NC",407,121000,0.00165562913907285,0.0033167495854063,0.0202360876897133,-0.00632448999331126,0.0119002206441361,"2009-07","2009-Q3",127200,-0.0487421383647799,"2007-04"
2014-11-30,"Georgetown, SC","SC",408,199500,0.00554435483870968,0.0230769230769231,0.0697050938337802,-0.0150365236956076,0.00894618637898725,"2007-10","2007-Q4",249000,-0.198795180722892,"2005-09"
2014-11-30,"Laconia, NH","NH",409,188500,0.00426212040490144,0.0096411355115158,0.0311816192560175,-0.000423863668283175,-0.00883852474005975,"2006-03","2006-Q1",231100,-0.184335785374297,"2004-01"
2014-11-30,"Batavia, NY","NY",410,106500,0.00188146754468485,0.0201149425287356,0.0309777347531462,0.0274798930605313,0.020546935935793,"2014-11","2014-Q4",106500,0,"2014-11"
2014-11-30,"Granbury, TX","TX",411,168000,0.00478468899521531,0.0169491525423729,-0.011183048852266,-0.00118624296087022,0.0192764299190025,"2010-09","2010-Q3",185700,-0.0953150242326333,"2009-10"
2014-11-30,"Norwalk, OH","OH",412,93200,0.0309734513274336,0.0799536500579374,0.114832535885167,0.0106312649447899,-0.0122261374012476,"2006-04","2006-Q2",110200,-0.15426497277677,"2001-03"
2014-11-30,"Edwards, CO","CO",413,496900,-0.000804343454655138,0.00282542885973764,0.0601664177512268,-0.00858883416686929,0.0180761193045917,"2008-01","2008-Q1",636900,-0.219814727586748,"2005-10"
2014-11-30,"Walla Walla, WA","WA",414,187800,0.00053276505061268,0.00320512820512821,0.0352811466372657,-0.000531632411172933,0.0182043613669018,"2008-04","2008-Q2",213700,-0.121197941038839,"2006-11"
2014-11-30,"Dublin, GA","GA",415,89100,0.0125,0.0408878504672897,0.10958904109589,0.000224618171809299,0.00472192109772185,"2008-08","2008-Q3",102000,-0.126470588235294,"2006-04"
2014-11-30,"Sanford, NC","NC",416,119300,-0.000837520938023451,-0.00167364016736402,0.0511013215859031,-0.00183395699609679,0.00805751700036605,"2007-11","2007-Q4",122100,-0.0229320229320229,"2007-01"
2014-11-30,"Tiffin, OH","OH",417,96100,0.00313152400835073,0.00945378151260504,0.157831325301205,0.0277698510820261,0.00210534006117169,"2014-11","2014-Q4",96100,0,"2014-11"
2014-11-30,"Fairmont, WV","WV",418,92300,0,-0.00108225108225108,-0.0335078534031414,-0.0143153218438639,,"2010-12","2010-Q4",102800,-0.102140077821012,
2014-11-30,"Picayune, MS","MS",419,119200,-0.00831946755407654,-0.0213464696223317,-0.0140612076095947,-0.0231355807274045,0.0155060987537174,"2010-10","2010-Q4",149900,-0.204803202134757,"2006-03"
2014-11-30,"Gloversville, NY","NY",420,104600,0.00287631831255992,-0.012275731822474,-0.0464904284412033,-0.00929529374125448,0.0349342934841737,"2007-06","2007-Q2",115400,-0.0935875216637782,"2006-09"
2014-11-30,"Phoenix Lake, CA","CA",421,210400,0.00814566363200767,0.0218552695483244,0.0767656090071648,-0.0138537489598898,-0.0235788347988097,"2006-04","2006-Q2",322200,-0.346989447548107,"2003-10"
2014-11-30,"Gaffney, SC","SC",422,67300,0.0135542168674699,0.0631911532385466,0.246296296296296,0.0341429117952281,0.0218839493312748,"2014-11","2014-Q4",67300,0,"2014-11"
2014-11-30,"Carson City, NV","NV",423,191200,0.00897097625329815,0.0263016639828234,0.105202312138728,-0.0131664540660722,-0.0267299585937633,"2006-02","2006-Q1",318500,-0.399686028257457,"2003-10"
2014-11-30,"Calhoun, GA","GA",424,112700,0,0.0153153153153153,0.140688259109312,0.0207528299115174,-0.00950970844950205,"2005-09","2005-Q3",136600,-0.174963396778917,"2004-03"
2014-11-30,"Oil City, PA","PA",425,58200,0,-0.00171526586620926,-0.0920436817472699,-0.020649626406156,-0.016306307007764,"2008-02","2008-Q1",71500,-0.186013986013986,
2014-11-30,"Jasper, IN","IN",426,113000,0,0.00266193433895297,0.0600375234521576,0.0257725488684024,0.00342653272733728,"2014-05","2014-Q2",115300,-0.0199479618386817,"2014-04"
2014-11-30,"Eagle Pass, TX","TX",427,104700,0.00867052023121387,0.0407554671968191,0.136807817589577,0.0603741443417758,0.0292187808929101,"2014-11","2014-Q4",104700,0,"2014-11"
2014-11-30,"Harriman, TN","TN",428,126900,0.00714285714285714,0.020096463022508,0.0726965342349958,-0.00265794879902581,0.0192215869824977,"2009-10","2009-Q4",129500,-0.0200772200772201,"2009-03"
2014-11-30,"Ontario, OR","OR",429,118500,0.00338696020321761,0.00936967632027257,0.00508905852417303,-0.0267426312642888,0.0166119931824811,"2007-07","2007-Q3",151300,-0.216787838730998,"2005-12"
2014-11-30,"Payson, AZ","AZ",430,162700,0.00556242274412855,0.0181476846057572,0.0703947368421053,-0.00978591838895004,0.0165280977644005,"2007-02","2007-Q1",211700,-0.231459612659424,"2005-07"
2014-11-30,"Rochelle, IL","IL",431,124600,0.00564971751412429,0.0113636363636364,0.00160771704180064,-0.00521437813184911,,"2010-09","2010-Q3",139400,-0.106169296987088,
2014-11-30,"Greenville, OH","OH",432,164200,-0.00484848484848485,-0.0202863961813842,0.228122662677637,0.134675772166665,0.0522176926216686,"2014-08","2014-Q3",167600,-0.0202863961813842,"2014-06"
2014-11-30,"Athens, TN","TN",433,112200,0.0044762757385855,0.0126353790613718,0.0925024342745862,0.00251439956880084,0.0219520299635541,"2009-04","2009-Q2",113000,-0.00707964601769911,"2009-02"
2014-11-30,"Fernley, NV","NV",434,153800,0.00852459016393443,0.0239680426098535,0.146905294556301,0.0301075310437642,-0.0295505938051869,"2006-03","2006-Q1",260200,-0.40891621829362,"2003-08"
2014-11-30,"Malone, NY","NY",435,88400,0,0.00226757369614512,-0.0100783874580067,0.00834995337937672,0.0304361741997565,"2013-10","2013-Q4",89600,-0.0133928571428571,"2013-09"
2014-11-30,"Ocean Pines, MD","MD",436,220800,0,0.00136054421768707,0.00318037255792821,-0.0217802449919325,-0.0223149125180164,"2006-01","2006-Q1",326000,-0.322699386503068,"2003-06"
2014-11-30,"Durango, CO","CO",437,323200,0.00528771384136858,0.029955385595921,0.140437544107269,0.0123240479029423,0.0308134849130324,"2014-11","2014-Q4",323200,0,"2014-11"
2014-11-30,"Boone, NC","NC",438,201900,-0.00296296296296296,-0.00786240786240786,-0.0227492739593417,-0.034062933634343,-0.00118099972075092,"2007-07","2007-Q3",268000,-0.246641791044776,"2004-08"
2014-11-30,"Jacksonville, TX","TX",439,88500,0.00912200684150513,0.0387323943661972,0.131713554987212,,,"2010-06","2010-Q2",120000,-0.2625,
2014-11-30,"Douglas, GA","GA",440,80000,-0.015990159901599,-0.0267639902676399,-0.029126213592233,0.00767353437656504,,"2008-02","2008-Q1",94200,-0.150743099787686,
2014-11-30,"St. Marys, GA","GA",441,137200,-0.000728332119446468,0,-0.0937912813738441,-0.0622510298787379,,"2009-11","2009-Q4",189200,-0.274841437632135,
2014-11-30,"Paris, TX","TX",442,65900,-0.00453172205438067,-0.028023598820059,0.0122887864823349,,,"2014-05","2014-Q2",72000,-0.0847222222222222,"2013-12"
2014-11-30,"Humboldt, TN","TN",443,68400,0.00440528634361234,0.0254872563718141,0.128712871287129,0.0241733765397782,0.0200214956185794,"2014-11","2014-Q4",68400,0,"2014-11"
2014-11-30,"New Castle, IN","IN",444,69200,0.0087463556851312,0.0267062314540059,0.123376623376623,-0.0226527965168782,-0.0322047502038244,"2006-03","2006-Q1",100600,-0.312127236580517,"1998-09"
2014-11-30,"Sidney, OH","OH",445,120900,0.00498753117206983,0.014261744966443,0.12152133580705,0.039939282036404,0.00958493366616109,"2014-11","2014-Q4",120900,0,"2014-11"
2014-11-30,"Cortland, NY","NY",446,99500,-0.00100401606425703,-0.00896414342629482,-0.0414258188824663,-0.00495073832098503,0.0167157484152625,"2013-11","2013-Q4",103800,-0.0414258188824663,"2013-06"
2014-11-30,"Burlington, IA","IA",447,96400,0.00731452455590387,0.0201058201058201,0.136792452830189,0.0349138545037222,0.0355159963106551,"2014-11","2014-Q4",96400,0,"2014-11"
2014-11-30,"Kendallville, IN","IN",448,100100,0.0030060120240481,-0.00298804780876494,0.0492662473794549,0.0196934879665047,-0.00655086210355849,"2006-09","2006-Q3",114500,-0.125764192139738,"2004-01"
2014-11-30,"Nogales, AZ","AZ",449,123600,0.0131147540983607,0.0439189189189189,0.122615803814714,-0.00805410440518584,0.00388429854185945,"2007-05","2007-Q2",173100,-0.285961871750433,"2005-03"
2014-11-30,"Oxford, MS","MS",450,169900,0.00711321873147599,-0.000588235294117647,0.0041371158392435,0.00697099114444266,0.0131449255106304,"2006-02","2006-Q1",175100,-0.0296973158195317,"2005-09"
2014-11-30,"Plymouth, IN","IN",451,116400,-0.00427715996578272,-0.0259414225941423,-0.0243084660519698,0.00120710818886494,0.00279152602565058,"2014-05","2014-Q2",126200,-0.0776545166402536,"2013-09"
2014-11-30,"Gardnerville Ranchos, NV","NV",452,305000,0.0106030483764082,0.027974384900573,0.0823278921220724,0.0173242295257274,-0.0187085343365295,"2005-12","2005-Q4",436600,-0.301420064131929,"2004-01"
2014-11-30,"Tahlequah, OK","OK",453,102300,-0.00389483933787731,-0.00583090379008746,-0.0210526315789474,0.0452311792768296,,"2014-02","2014-Q1",108100,-0.0536540240518039,"2012-11"
2014-11-30,"Canon City, CO","CO",454,139300,0.00942028985507246,0.023512123438648,0.0585106382978723,-0.0027058215027137,0.00321476807613919,"2006-10","2006-Q4",146400,-0.0484972677595628,"2006-01"
2014-11-30,"Culpeper, VA","VA",455,237900,0.0123404255319149,0.0379581151832461,0.251446607048922,0.054682050028271,0.00456837198415183,"2006-03","2006-Q1",285100,-0.165555945282357,"2005-02"
2014-11-30,"Bedford, IN","IN",456,81200,0.00619578686493185,0.00495049504950495,0,0.0192950930200786,-0.016296063879577,"2005-07","2005-Q3",97000,-0.162886597938144,"2004-02"
2014-11-30,"Wapakoneta, OH","OH",457,112000,0.00448430493273543,0.0191082802547771,0.0447761194029851,0.0188812499713022,0.0113973287615656,"2007-03","2007-Q1",112500,-0.00444444444444444,"2007-01"
2014-11-30,"Bellefontaine, OH","OH",458,102700,0.0029296875,-0.00676982591876209,-0.0347744360902256,0.00374173513706832,0.00878375982848634,"2008-05","2008-Q2",117400,-0.125212947189097,"2006-08"
2014-11-30,"Safford, AZ","AZ",459,123800,0.00242914979757085,0.0155865463494668,0.0299500831946755,-0.00540400368422822,0.0334376843481097,"2007-12","2007-Q4",156700,-0.209955328653478,"2006-03"
2014-11-30,"Shelbyville, TN","TN",460,111200,0.0054249547920434,0.0136736554238833,0.0570342205323194,0.00290280646762509,0.0145955928550561,"2014-11","2014-Q4",111200,0,"2014-11"
2014-11-30,"Pahrump, NV","NV",461,158100,0.0167202572347267,0.0511968085106383,0.148148148148148,0.0345588688042822,-0.0290927686217103,"2006-05","2006-Q2",268000,-0.410074626865672,"2004-02"
2014-11-30,"Claremont, NH","NH",462,164900,-0.000606060606060606,0.00733048259010385,0.0377595972309629,-0.00619021514941509,-0.00432236780545059,"2006-06","2006-Q2",197300,-0.164216928535226,"2004-06"
2014-11-30,"Cornelia, GA","GA",463,109400,0.00736648250460405,0.0291627469426152,0.199561403508772,-0.0273951993407724,-0.000364897317528978,"2007-06","2007-Q2",126900,-0.137903861308117,"2005-08"
2014-11-30,"Big Rapids, MI","MI",464,96100,-0.00103950103950104,0,0.0537280701754386,0.0212720727349691,-0.00134278712073521,"2002-04","2002-Q2",135800,-0.292341678939617,"1998-01"
2014-11-30,"Seymour, IN","IN",465,100200,0.00501504513540622,0.0329896907216495,0.0625662778366914,0.0165604381519402,-0.00476302955006103,"2005-09","2005-Q3",111300,-0.0997304582210243,"2004-10"
2014-11-30,"Auburn, IN","IN",466,105000,0.00286532951289398,0.0125361620057859,0,0.017237713533939,-0.00491225283881547,"2005-08","2005-Q3",116000,-0.0948275862068965,"2004-06"
2014-11-30,"Paragould, AR","AR",467,94400,0.0139634801288937,0.0477247502774695,0.187421383647799,0.041318354076735,0.0221868246406831,"2014-11","2014-Q4",94400,0,"2014-11"
2014-11-30,"Lawrenceburg, TN","TN",468,92600,0.0131291028446389,0.0277469478357381,0.154613466334165,0.0357095805209968,0.0194167444187887,"2014-11","2014-Q4",92600,0,"2014-11"
2014-11-30,"Mountain Home, AR","AR",469,107400,-0.00185873605947955,-0.00831024930747922,0.0267686424474187,0.00206110049889863,0.0139563679195109,"2007-10","2007-Q4",133200,-0.193693693693694,"2005-11"
2014-11-30,"Cedartown, GA","GA",470,82000,0.00861008610086101,0.0340479192938209,0.202346041055718,0.00196272364475814,0.000980880758847613,"2007-04","2007-Q2",97100,-0.155509783728115,"2005-02"
2014-11-30,"El Campo, TX","TX",471,102000,0.0119047619047619,0.0344827586206897,0.181923522595597,,,"2014-11","2014-Q4",102000,0,"2014-11"
2014-11-30,"Montrose, CO","CO",472,190500,0.0111464968152866,0.0308441558441558,0.0577456968350916,-0.0011508714329227,0.0134959050359984,"2007-05","2007-Q2",208200,-0.085014409221902,"2006-02"
2014-11-30,"Ellensburg, WA","WA",473,193200,-0.00206611570247934,0.00782472613458529,-0.00309597523219814,-0.00886879329315138,0.0217484013425173,"2007-07","2007-Q3",232200,-0.167958656330749,"2006-03"
2014-11-30,"Celina, OH","OH",474,191000,0.00420609884332282,0.00898045430533545,0.0926773455377574,0.130146442707925,0.0525936222870294,"2014-11","2014-Q4",191000,0,"2014-11"
2014-11-30,"La Follette, TN","TN",475,89900,-0.00111111111111111,-0.00553097345132743,-0.00991189427312775,0.00450976588128893,0.0191043975394565,"2010-08","2010-Q3",95800,-0.0615866388308977,"2010-02"
2014-11-30,"Urbana, OH","OH",476,110900,-0.00359389038634322,-0.00538116591928251,0.0684007707129094,0.0100335905677857,-0.00257803388175049,"2007-07","2007-Q3",117800,-0.0585738539898132,"2003-12"
2014-11-30,"Okeechobee, FL","FL",477,87800,0.015028901734104,0.0365997638724911,0.132903225806452,-0.025880835300663,-0.0307600043365404,"2006-06","2006-Q2",176100,-0.501419647927314,"2003-08"
2014-11-30,"McMinnville, TN","TN",478,85300,0.00708382526564345,0.0154761904761905,0.00352941176470588,0.0157209392429205,0.0156933688937861,"2014-11","2014-Q4",85300,0,"2014-11"
2014-11-30,"Berlin, NH","NH",479,107400,-0.00278551532033426,-0.0119595216191352,-0.0227479526842584,-0.0179821274867373,-0.0204871306056368,"2007-02","2007-Q1",155300,-0.308435286542176,"2003-12"
2014-11-30,"Clewiston, FL","FL",480,75400,0.00533333333333333,0.0107238605898123,0.0710227272727273,-0.0396402962554538,-0.0299546347463401,"2006-10","2006-Q4",179300,-0.579475738984941,"2003-04"
2014-11-30,"Defiance, OH","OH",481,98400,0.00510725229826353,0.0154798761609907,0.0789473684210526,0.0128815945580014,-0.0031951576929965,"2004-12","2004-Q4",101600,-0.031496062992126,"2004-09"
2014-11-30,"Logansport, IN","IN",482,62800,-0.00158982511923688,0.0145395799676898,0.0827586206896552,-0.00189995039862989,-0.0363050658164671,"2004-10","2004-Q4",91400,-0.312910284463895,"1998-04"
2014-11-30,"Walterboro, SC","SC",483,107600,-0.00920810313075507,-0.00462534690101758,-0.037567084078712,-0.0430776487702549,-0.0060223846098032,"2009-04","2009-Q2",138000,-0.220289855072464,"2004-09"
2014-11-30,"Union City, TN","TN",484,67500,0.00746268656716418,0.0336906584992343,0.0481366459627329,0.0452527084037493,0.0126950349229018,"2014-11","2014-Q4",67500,0,"2014-11"
2014-11-30,"Vincennes, IN","IN",485,75700,0.00132275132275132,0.018842530282638,0.138345864661654,0.0351214052255187,-0.00856512182946545,"2005-10","2005-Q4",83100,-0.0890493381468111,"2004-08"
2014-11-30,"Dyersburg, TN","TN",486,68300,-0.00291970802919708,-0.0115774240231548,-0.0284495021337127,0.0121431638012417,0.0118664612290356,"2013-12","2013-Q4",70600,-0.0325779036827195,"2013-09"
2014-11-30,"Crawfordsville, IN","IN",487,92500,0.00434310532030402,0.00108225108225108,0.0718424101969873,0.00797090021657798,-0.0167300622444989,"2005-06","2005-Q2",113500,-0.185022026431718,"2002-03"
2014-11-30,"Easton, MD","MD",488,296100,0.000337837837837838,-0.0016857720836143,0.0196280991735537,-0.00868495489937204,0.00163569340369629,"2006-08","2006-Q3",369200,-0.197995666305525,"2005-01"
2014-11-30,"Huntington, IN","IN",489,84900,-0.00352112676056338,-0.0116414435389988,0.042997542997543,0.0137407409443056,-0.0130316333838089,"2005-11","2005-Q4",98900,-0.141557128412538,"2002-08"
2014-11-30,"Astoria, OR","OR",490,240200,0.00166805671392827,0.00250417362270451,0.0229982964224872,-0.0100949216943295,0.0146927687992093,"2007-12","2007-Q4",297500,-0.192605042016807,"2005-10"
2014-11-30,"Peru, IN","IN",491,73200,0.00136798905608755,0.0209205020920502,0.2220367278798,0.0433688698003891,-0.0141363284268533,"2005-11","2005-Q4",86000,-0.148837209302326,"2003-10"
2014-11-30,"Coshocton, OH","OH",492,93000,0.00107642626480086,-0.00321543408360129,0.123188405797101,0.0510635814994023,0.0111974417907574,"2002-03","2002-Q1",96100,-0.032258064516129,"2002-02"
2014-11-30,"Bay City, TX","TX",493,132200,-0.000755857898715042,0.0208494208494209,0.131849315068493,,,"2014-10","2014-Q4",132300,-0.000755857898715042,"2014-10"
2014-11-30,"Newport, TN","TN",494,79800,0.00757575757575758,0.00377358490566038,-0.0817031070195627,-0.0320176025774058,0.00798377221451219,"2009-05","2009-Q2",103300,-0.227492739593417,"2005-07"
2014-11-30,"Seneca Falls, NY","NY",495,94900,0.0128068303094984,0.0428571428571429,0.0556173526140156,0.0269115480984401,0.0275732533500215,"2014-11","2014-Q4",94900,0,"2014-11"
2014-11-30,"Martin, TN","TN",496,82100,0.00736196319018405,0.0392405063291139,0.137119113573407,0.0306416550965252,0.0261843567015922,"2014-11","2014-Q4",82100,0,"2014-11"
2014-11-30,"Susanville, CA","CA",497,117800,0.0111587982832618,0.0434012400354296,0.0172711571675302,-0.0757903962538351,-0.020018216115599,"2006-10","2006-Q4",204100,-0.422831945124939,"2004-03"
2014-11-30,"Arcadia, FL","FL",498,80600,0.00624219725343321,0.0151133501259446,0.0280612244897959,-0.0180827997230164,-0.028388474765218,"2006-06","2006-Q2",169200,-0.523640661938534,"2003-07"
2014-11-30,"Decatur, IN","IN",499,101200,0.00496524329692155,0.0326530612244898,0.107221006564551,0.0318887579684632,-0.00377421179393356,"2005-08","2005-Q3",112100,-0.0972346119536128,"2004-06"
2014-11-30,"Effingham, IL","IL",500,119900,0.000834724540901503,0.000834724540901503,0.0407986111111111,0.0257252651699962,0.0271762866668659,"2014-09","2014-Q3",120100,-0.00166527893422148,"2014-09"
2014-11-30,"Angola, IN","IN",501,125900,-0.00237717908082409,-0.00237717908082409,0.0104333868378812,-0.00546907804313834,-0.00411500361985084,"2006-07","2006-Q3",141200,-0.108356940509915,"2004-06"
2014-11-30,"Brenham, TX","TX",502,146100,0.000684931506849315,0.00205761316872428,0.103474320241692,,,"2014-05","2014-Q2",150900,-0.0318091451292246,"2014-04"
2014-11-30,"Frankfort, IN","IN",503,78100,-0.00636132315521628,0.00644329896907216,0.038563829787234,0.0149919678325816,-0.0239258857610841,"2004-08","2004-Q3",101300,-0.229022704837117,"2000-07"
2014-11-30,"Brevard, NC","NC",504,192000,-0.0015600624024961,-0.00877645844088797,-0.0293225480283114,-0.00703648992419137,0.016696591499952,"2007-11","2007-Q4",202000,-0.0495049504950495,"2007-08"
2014-11-30,"Wabash, IN","IN",505,85000,0.00354191263282172,0.0167464114832536,0.00591715976331361,0.0147483805290811,-0.0132208385820205,"2006-02","2006-Q1",99000,-0.141414141414141,"2002-02"
2014-11-30,"Cambridge, MD","MD",506,137200,0.000729394602479942,-0.0050761421319797,0.0346907993966818,-0.0175499124090976,-0.0135157473253412,"2006-10","2006-Q4",198100,-0.307420494699647,"2004-04"
2014-11-30,"Madison, IN","IN",507,98800,0.00304568527918782,-0.00202020202020202,0.0658036677454153,0.0121731188779934,-0.00606779068975438,"2005-09","2005-Q3",110300,-0.104261106074343,"2004-10"
2014-11-30,"Paris, TN","TN",508,92500,-0.00215749730312837,0,0.0768335273573923,0.0180152268009386,0.0239573960552573,"2014-09","2014-Q3",92800,-0.00323275862068966,"2014-08"
2014-11-30,"Beeville, TX","TX",509,107400,0.0170454545454545,0.050880626223092,0.108359133126935,,,"2014-11","2014-Q4",107400,0,"2014-11"
2014-11-30,"Washington, IN","IN",510,92700,0.0120087336244541,0.0474576271186441,0.131868131868132,0.00908837372516969,-0.000965724478852348,"2005-01","2005-Q1",97400,-0.0482546201232033,"2004-11"
2014-11-30,"Juneau, AK","AK",511,315800,0.00031675641431739,0.00862344298946024,0.0686971235194585,0.0221025016825969,0.0244624495553001,"2007-06","2007-Q2",338300,-0.0665090156665681,"2006-08"
2014-11-30,"Lewisburg, TN","TN",512,114000,0.0115350488021295,0.0410958904109589,0.118743866535819,0.0165836263826273,0.0207883091016305,"2014-11","2014-Q4",114000,0,"2014-11"
2014-11-30,"Silver City, NM","NM",513,133000,-0.00523560209424084,-0.0256410256410256,-0.0840220385674931,-0.0188815042737357,,"2014-01","2014-Q1",153500,-0.133550488599349,"2013-05"
2014-11-30,"North Vernon, IN","IN",514,91000,0,-0.0140845070422535,0.0282485875706215,0.0142128483371837,-0.0156055002192516,"2005-11","2005-Q4",112900,-0.193976970770593,"2004-07"
2014-11-30,"Fort Morgan, CO","CO",515,128800,0.010989010989011,0.0312249799839872,0.117085862966175,0.0345161235376332,0.0237034523322841,"2002-11","2002-Q4",146500,-0.120819112627986,"2001-01"
2014-11-30,"Fort Valley, GA","GA",516,122600,0.00163398692810458,0.0140612076095947,-0.0391849529780564,0.0104329452220095,0.0223360968787794,"2008-02","2008-Q1",135700,-0.0965364775239499,"2007-04"
2014-11-30,"Greensburg, IN","IN",517,108800,0.000919963201471941,-0.017163504968383,0.0614634146341463,-0.00772223885897783,-0.000275317934777863,"2014-05","2014-Q2",114200,-0.0472854640980736,"2014-04"
2014-11-30,"Fallon, NV","NV",518,143400,0.0091484869809993,0.0309130122214234,0.0391304347826087,-0.0117109410331311,-0.00971151727068065,"2006-07","2006-Q3",218100,-0.342503438789546,"2004-08"
2014-11-30,"Scottsburg, IN","IN",519,85000,0.00830367734282325,0.022864019253911,0.0800508259212198,0.00696680405701855,-0.0161205434594737,"2005-02","2005-Q1",103700,-0.180327868852459,"2004-07"
2014-11-30,"Sterling, CO","CO",520,108500,0.00556070435588508,0.0187793427230047,0.0074280408542247,0.0201490984085573,0.0193238193905181,"2014-03","2014-Q1",109400,-0.00822669104204753,"2014-01"
2014-11-30,"Hood River, OR","OR",521,336600,-0.00148323939483833,0.0102040816326531,0.0147723846849563,0.0232896261539237,0.0385453866176431,"2014-10","2014-Q4",337100,-0.00148323939483833,"2014-09"
2014-11-30,"Bishop, CA","CA",522,290800,0.0139470013947001,0.038200642627633,0.08265078183172,-0.00909972071316056,,"2009-09","2009-Q3",306800,-0.0521512385919166,
